四级类别名称,属性类型,标准属性值,别名,count,score,状态
发酵型含乳饮料,flavor,蓝莓味,蓝莓,36,100.0,active
发酵型含乳饮料,flavor,草莓味,草莓,182,100.0,active
配制型含乳饮料,flavor,草莓味,草莓,220,100.0,active
果汁/水果/果味饮料,flavor,柠檬味,柠檬,91,100.0,active
复合型植物蛋白饮料,flavor,核桃味,核桃,217,100.0,active
复合型植物蛋白饮料,flavor,花生味,花生,281,100.0,active
配制型含乳饮料,flavor,巧克力味,巧克力,10,100.0,active
运动饮料,flavor,柠檬味,柠檬,33,100.0,active
果汁/水果/果味饮料,flavor,水蜜桃味,水蜜桃,123,100.0,active
果汁/水果/果味饮料,flavor,芒果味,芒果,260,100.0,active
运动饮料,flavor,西柚味,西柚味,38,100.0,active
碳酸饮料,flavor,香草味,香草,7,100.0,active
果汁/水果/果味饮料,flavor,苹果味,苹果汁,59,100.0,active
碳酸饮料,flavor,荔枝味,荔枝味,54,100.0,active
运动饮料,flavor,苹果味,苹果味,6,100.0,active
运动饮料,flavor,水蜜桃味,水蜜桃,3,100.0,active
运动饮料,flavor,青柠味,青柠味,14,100.0,active
运动饮料,flavor,葡萄味,葡萄,14,100.0,active
气泡水,flavor,柠檬味,柠檬,18,100.0,active
碳酸饮料,flavor,菠萝味,菠萝味,38,100.0,active
牙膏,flavor,薄荷味,薄荷香,112,100.0,active
牙膏,flavor,薄荷味,薄荷,353,100.0,active
牙膏,flavor,草莓味,草莓,142,100.0,active
漱口水,flavor,薄荷味,薄荷,12,100.0,active
复合型植物蛋白饮料,flavor,椰子味,椰子,33,100.0,active
复合型植物蛋白饮料,flavor,燕麦味,燕麦,30,100.0,active
100%纯果汁(FC/NFC),flavor,葡萄味,葡萄,82,100.0,active
100%纯果汁(FC/NFC),flavor,苹果味,苹果汁,77,100.0,active
配制型含乳饮料,flavor,荔枝味,荔枝,11,100.0,active
发酵型含乳饮料,flavor,青柠味,青柠味,5,100.0,active
果汁/水果/果味饮料,flavor,苹果味,苹果,42,100.0,active
果汁/水果/果味饮料,flavor,椰子味,椰子,113,100.0,active
软糖,flavor,巧克力味,巧克力,15,100.0,active
发酵型含乳饮料,flavor,葡萄味,葡萄,31,100.0,active
气泡水,flavor,白桃味,白桃味,6,100.0,active
植物饮料,flavor,枸杞味,枸杞,12,100.0,active
植物饮料,flavor,桑葚味,桑葚,3,100.0,active
牙膏,flavor,水果味,水果,13,100.0,active
牙膏,flavor,水果味,水果味,7,100.0,active
碳酸饮料,flavor,柠檬味,柠檬,325,100.0,active
果汁/水果/果味饮料,flavor,荔枝味,荔枝,78,100.0,active
果汁/水果/果味饮料,flavor,葡萄味,葡萄,244,100.0,active
配制型含乳饮料,flavor,椰子味,椰子,26,100.0,active
配制型含乳饮料,flavor,香草味,香草,13,100.0,active
果汁/水果/果味饮料,flavor,草莓味,草莓,69,100.0,active
果汁/水果/果味饮料,flavor,柠檬味,柠檬风味,18,100.0,active
碳酸饮料,flavor,可乐味,可乐,65,100.0,active
营养素/维生素饮料,flavor,柠檬味,柠檬,23,100.0,active
营养素/维生素饮料,flavor,水蜜桃味,水蜜桃,11,100.0,active
配制型含乳饮料,flavor,水蜜桃味,水蜜桃,20,100.0,active
碳酸饮料,flavor,凤梨味,凤梨味,16,100.0,active
果汁/水果/果味饮料,flavor,冰糖雪梨味,冰糖雪梨,79,100.0,active
配制型含乳饮料,flavor,蓝莓味,蓝莓,21,100.0,active
碳酸饮料,flavor,苹果味,苹果味,86,100.0,active
配制型含乳饮料,flavor,草莓味,草莓风味,9,100.0,active
配制型含乳饮料,flavor,香蕉味,香蕉,24,100.0,active
碳酸饮料,flavor,水蜜桃味,水蜜桃,19,100.0,active
果汁/水果/果味饮料,flavor,西柚味,西柚汁,8,100.0,active
苏打水,flavor,柠檬味,柠檬,78,100.0,active
苏打水,flavor,薄荷味,薄荷,7,100.0,active
苏打水,flavor,青柠味,青柠味,9,100.0,active
牙膏,flavor,海盐味,海盐,26,100.0,active
牙膏,flavor,蓝莓味,蓝莓,17,100.0,active
牙膏,flavor,柠檬味,柠檬,27,100.0,active
牙膏,flavor,水蜜桃味,水蜜桃,19,100.0,active
硬糖,flavor,巧克力味,巧克力,21,100.0,active
酱油,flavor,酱香味,酱香,28,100.0,active
营养素/维生素饮料,flavor,青柠味,青柠味,12,100.0,active
营养素/维生素饮料,flavor,荔枝味,荔枝味,3,100.0,active
营养素/维生素饮料,flavor,青柠味,青柠,4,100.0,active
碳酸饮料,flavor,荔枝味,荔枝,21,100.0,active
果汁/水果/果味饮料,flavor,荔枝味,荔枝味,23,100.0,active
碳酸饮料,flavor,葡萄味,葡萄,64,100.0,active
碳酸饮料,flavor,树莓味,树莓味,29,100.0,active
碳酸饮料,flavor,青柠味,青柠味,45,100.0,active
果汁/水果/果味饮料,flavor,菠萝味,菠萝,64,100.0,active
硬糖,flavor,薄荷味,薄荷,109,100.0,active
硬糖,flavor,水果味,水果味,38,100.0,active
硬糖,flavor,水果味,水果,20,100.0,active
醋饮料,flavor,苹果味,苹果,156,100.0,active
软糖,flavor,蓝莓味,蓝莓,102,100.0,active
软糖,flavor,酸奶味,酸奶,81,100.0,active
植物饮料,flavor,薄荷味,薄荷,9,100.0,active
果汁/水果/果味饮料,flavor,苹果味,苹果味,7,100.0,active
硬糖,flavor,咖啡味,咖啡,9,100.0,active
软糖,flavor,芒果味,芒果,62,100.0,active
果汁/水果/果味饮料,flavor,菠萝味,菠萝味,19,100.0,active
配制型含乳饮料,flavor,芒果味,芒果,25,100.0,active
配制型含乳饮料,flavor,哈密瓜味,哈密瓜,19,100.0,active
配制型含乳饮料,flavor,荔枝味,荔枝味,3,100.0,active
软糖,flavor,草莓味,草莓,192,100.0,active
复合型植物蛋白饮料,flavor,杏仁味,杏仁,4,100.0,active
气泡水,flavor,苹果味,苹果味,3,100.0,active
碳酸饮料,flavor,菠萝味,菠萝,82,100.0,active
发酵型含乳饮料,flavor,菠萝味,菠萝味,5,100.0,active
胶基糖果,flavor,薄荷味,薄荷,48,100.0,active
胶基糖果,flavor,西瓜味,西瓜,74,100.0,active
胶基糖果,flavor,草莓味,草莓,19,100.0,active
胶基糖果,flavor,葡萄味,葡萄,8,100.0,active
软糖,flavor,酸奶味,酸奶味,37,100.0,active
软糖,flavor,葡萄味,葡萄,118,100.0,active
运动饮料,flavor,海盐味,海盐,15,100.0,active
100%纯果汁(FC/NFC),flavor,蓝莓味,蓝莓,7,100.0,active
软糖,flavor,水蜜桃味,水蜜桃,34,100.0,active
果汁/水果/果味饮料,flavor,百香果味,百香果味,18,100.0,active
100%纯果汁(FC/NFC),flavor,青提味,青提,3,100.0,active
即饮奶茶,flavor,巧克力味,巧克力,3,100.0,active
软糖,flavor,菠萝味,菠萝味,8,100.0,active
果汁/水果/果味饮料,flavor,蓝莓味,蓝莓,136,100.0,active
胶基糖果,flavor,柠檬味,柠檬,12,100.0,active
营养素/维生素饮料,flavor,蓝莓味,蓝莓,3,100.0,active
营养素/维生素饮料,flavor,西柚味,西柚味,8,100.0,active
100%纯果汁(FC/NFC),flavor,苹果味,苹果,4,100.0,active
100%纯果汁(FC/NFC),flavor,芒果味,芒果,39,100.0,active
果汁/水果/果味饮料,flavor,西柚味,西柚味,8,100.0,active
即饮奶茶,flavor,红茶味,红茶,5,100.0,active
其他包装水,flavor,植物风味（竹叶、荷叶等）,竹叶,3,100.0,active
苏打水,flavor,葡萄味,葡萄,5,100.0,active
醋饮料,flavor,苹果味,苹果汁,5,100.0,active
果汁/水果/果味饮料,flavor,百香果味,百香果,84,100.0,active
其他包装水,flavor,苏打味,苏打水,8,100.0,active
发酵型含乳饮料,flavor,水蜜桃味,水蜜桃,13,100.0,active
果汁/水果/果味饮料,flavor,青梅味,青梅,6,100.0,active
蜂蜜饮料,flavor,柚子味,柚子,6,100.0,active
100%纯果汁(FC/NFC),flavor,柠檬味,柠檬,4,100.0,active
发酵型含乳饮料,flavor,柠檬味,柠檬,4,100.0,active
配制型含乳饮料,flavor,咖啡味,咖啡,3,100.0,active
果汁/水果/果味饮料,flavor,西柚味,西柚,16,100.0,active
能量饮料,flavor,青瓜味,青瓜,5,100.0,active
能量饮料,flavor,菠萝味,菠萝味,3,100.0,active
苏打水,flavor,荔枝味,荔枝味,3,100.0,active
100%纯果汁(FC/NFC),flavor,白桃味,白桃,8,100.0,active
碳酸饮料,flavor,草莓味,草莓,3,100.0,active
醋饮料,flavor,山楂味,山楂,5,100.0,active
碳酸饮料,flavor,可乐味,可乐味,7,100.0,active
营养素/维生素饮料,flavor,荔枝味,荔枝,4,100.0,active
运动饮料,flavor,椰子味,椰子,3,100.0,active
发酵型含乳饮料,flavor,菠萝味,菠萝,3,100.0,active
即饮奶茶,flavor,抹茶味,抹茶,3,100.0,active
发酵型含乳饮料,flavor,芒果味,芒果,9,100.0,active
气泡水,flavor,荔枝味,荔枝味,4,100.0,active
100%纯果汁(FC/NFC),flavor,菠萝味,菠萝,5,100.0,active
100%纯果汁(FC/NFC),flavor,水蜜桃味,水蜜桃,6,100.0,active
气泡水,flavor,荔枝味,荔枝,3,100.0,active
气泡水,flavor,菠萝味,菠萝,3,100.0,active
气泡水,flavor,白桃味,白桃,3,100.0,active
气泡水,flavor,菠萝味,菠萝味,3,100.0,active
肉罐头,flavor,红烧味,红烧,21,100.0,active
方便面,flavor,番茄味,番茄,83,100.0,active
低温酸奶,flavor,草莓味,草莓,90,100.0,active
低温酸奶,flavor,红枣味,红枣,65,100.0,active
低温酸奶,flavor,蓝莓味,蓝莓,28,100.0,active
低温酸奶,flavor,蓝莓味,蓝莓风味,5,100.0,active
风味牛奶,flavor,香蕉味,香蕉,20,100.0,active
风味牛奶,flavor,草莓味,草莓,27,100.0,active
低温酸奶,flavor,燕麦味,燕麦,70,100.0,active
风味牛奶,flavor,红枣味,红枣,25,100.0,active
低温酸奶,flavor,草莓味,草莓风味,5,100.0,active
低温酸奶,flavor,黄桃味,黄桃味,9,100.0,active
低温酸奶,flavor,黄桃味,黄桃,41,100.0,active
方便面,flavor,番茄味,番茄味,3,100.0,active
雪糕/冰淇淋,flavor,香草味,香草,159,100.0,active
果冻,flavor,葡萄味,葡萄,26,100.0,active
瓜子,flavor,焦糖味,焦糖,4,100.0,active
啤酒,flavor,清爽,清爽,114,100.0,active
啤酒,flavor,麦香,麦香,17,100.0,active
啤酒,flavor,淡爽,淡爽,20,100.0,active
啤酒,flavor,清爽,清爽型,6,100.0,active
梅子干,flavor,话梅味,话梅,52,100.0,active
梅子干,flavor,陈皮味,陈皮,9,100.0,active
其他蜜饯果干,flavor,陈皮味,陈皮,4,100.0,active
饼干,flavor,巧克力味,巧克力,220,100.0,active
饼干,flavor,芝麻味,芝麻味,5,100.0,active
饼干,flavor,草莓味,草莓,102,100.0,active
饼干,flavor,青柠味,青柠味,5,100.0,active
饼干,flavor,芝麻味,芝麻,16,100.0,active
饼干,flavor,柠檬味,柠檬,17,100.0,active
饼干,flavor,芝麻味,白芝麻,3,100.0,active
常温酸奶,flavor,草莓味,草莓,10,100.0,active
常温酸奶,flavor,蓝莓味,蓝莓,7,100.0,active
常温酸奶,flavor,燕麦味,燕麦,9,100.0,active
常温酸奶,flavor,黄桃味,黄桃,9,100.0,active
风味牛奶,flavor,巧克力味,巧克力,22,100.0,active
锅巴,flavor,麻辣味,麻辣,65,100.0,active
锅巴,flavor,孜然味,孜然味,10,100.0,active
锅巴,flavor,五香味,五香,4,100.0,active
锅巴,flavor,五香味,五香味,13,100.0,active
芝麻糊,flavor,核桃味,核桃,22,100.0,active
芝麻糊,flavor,红枣味,红枣,11,100.0,active
饼干,flavor,抹茶味,抹茶,36,100.0,active
饼干,flavor,芝士味,芝士,26,100.0,active
熟食肉制品,flavor,麻辣味,麻辣,7,100.0,active
菜谱式复合调味品,flavor,香辣味,香辣,30,100.0,active
饼干,flavor,花生味,花生,9,100.0,active
蚝油,flavor,复合风味,复合,3,100.0,active
薯片/薯条,flavor,麻辣味,麻辣,31,100.0,active
薯片/薯条,flavor,番茄味,番茄味,118,100.0,active
薯片/薯条,flavor,烧烤味,烧烤,47,100.0,active
辣椒酱,flavor,香辣味,香辣,32,100.0,active
常温火腿肠,flavor,香辣味,香辣,14,100.0,active
冷冻肉制品,flavor,黑胡椒味,黑椒,43,100.0,active
冷冻肉制品,flavor,黑胡椒味,黑胡椒,9,100.0,active
鱼糜肠,flavor,芝士味,芝士,9,100.0,active
蟹类,flavor,香辣味,香辣,11,100.0,active
常温火腿肠,flavor,香辣味,香辣味,5,100.0,active
菜籽油,flavor,浓香型,浓香,85,100.0,active
调和油,flavor,浓香型,浓香,11,100.0,active
黄豆酱,flavor,香辣味,香辣,6,100.0,active
果冻,flavor,黄桃味,黄桃,7,100.0,active
果冻,flavor,荔枝味,荔枝味,11,100.0,active
果冻,flavor,菠萝味,菠萝味,4,100.0,active
饼干,flavor,芝麻味,黑芝麻,10,100.0,active
低温酸奶,flavor,百香果味,百香果,16,100.0,active
风味牛奶,flavor,核桃味,核桃,13,100.0,active
低温酸奶,flavor,燕麦味,燕麦味,13,100.0,active
风味牛奶,flavor,麦香,麦香,13,100.0,active
辣椒酱,flavor,麻辣味,麻辣,8,100.0,active
冷冻汤圆,flavor,花生味,花生,28,100.0,active
豆奶粉/豆浆粉,flavor,红枣味,红枣,5,100.0,active
藕粉,flavor,红枣味,红枣,21,100.0,active
麦片,flavor,水果味,水果,18,100.0,active
麦片,flavor,酸奶味,酸奶,14,100.0,active
雪糕/冰淇淋,flavor,巧克力味,巧克力,209,100.0,active
雪糕/冰淇淋,flavor,草莓味,草莓,96,100.0,active
雪糕/冰淇淋,flavor,芝士味,芝士,17,100.0,active
雪糕/冰淇淋,flavor,白桃味,白桃,22,100.0,active
雪糕/冰淇淋,flavor,芒果味,芒果,28,100.0,active
冷冻肉制品,flavor,芝士味,芝士,5,100.0,active
棒冰,flavor,葡萄味,葡萄,18,100.0,active
雪糕/冰淇淋,flavor,蓝莓味,蓝莓,21,100.0,active
麦片,flavor,奶香味,奶香,4,100.0,active
麦片,flavor,红枣味,红枣,26,100.0,active
藕粉,flavor,水果味,水果,5,100.0,active
冷冻肉制品,flavor,孜然味,孜然,7,100.0,active
冷冻肉制品,flavor,香辣味,香辣,6,100.0,active
巧克力,flavor,谷物味,谷物,3,100.0,active
薯片/薯条,flavor,香辣味,香辣味,13,100.0,active
薯片/薯条,flavor,烧烤味,烤肉味,17,100.0,active
火锅底料,flavor,麻辣味,麻辣,85,100.0,active
火锅底料,flavor,香辣味,香辣,16,100.0,active
雪糕/冰淇淋,flavor,白桃味,白桃味,7,100.0,active
豇豆,flavor,麻辣味,麻辣,4,100.0,active
金针菇,flavor,香辣味,香辣,23,100.0,active
笋类,flavor,香辣味,香辣,3,100.0,active
海带丝,flavor,麻辣味,麻辣,14,100.0,active
海带丝,flavor,香辣味,香辣,12,100.0,active
雪糕/冰淇淋,flavor,抹茶味,抹茶,18,100.0,active
雪糕/冰淇淋,flavor,海盐味,海盐,15,100.0,active
低温酸奶,flavor,芒果味,芒果,12,100.0,active
常温酸奶,flavor,香草味,香草,4,100.0,active
奶酪,flavor,草莓味,草莓,41,100.0,active
棒冰,flavor,草莓味,草莓,9,100.0,active
薯片/薯条,flavor,番茄味,番茄,20,100.0,active
棒冰,flavor,西瓜味,西瓜,5,100.0,active
棒冰,flavor,柠檬味,柠檬,10,100.0,active
沙拉酱,flavor,芝麻味,芝麻,17,100.0,active
桃酥,flavor,核桃味,核桃,10,100.0,active
沙琪玛,flavor,芝麻味,芝麻味,9,100.0,active
沙琪玛,flavor,芝麻味,芝麻,6,100.0,active
果冻,flavor,草莓味,草莓,29,100.0,active
淀粉制粉条类,flavor,麻辣味,麻辣,7,100.0,active
巧克力,flavor,奶香味,奶香,5,100.0,active
其他蜜饯果干,flavor,芒果味,芒果,3,100.0,active
菜谱式复合调味品,flavor,麻辣味,麻辣,120,100.0,active
瓜子,flavor,五香味,五香味,21,100.0,active
瓜子,flavor,五香味,五香,12,100.0,active
瓜子,flavor,盐焗味,盐焗,6,100.0,active
棒冰,flavor,芒果味,芒果,6,100.0,active
巧克力,flavor,奶香味,牛奶味,6,100.0,active
复合调味汁,flavor,香辣味,香辣,3,100.0,active
火锅底料,flavor,番茄味,番茄,29,100.0,active
菜谱式复合调味品,flavor,酱香味,酱香,9,100.0,active
鱿鱼/章鱼/墨鱼类,flavor,香辣味,香辣味,25,100.0,active
鱿鱼/章鱼/墨鱼类,flavor,烧烤味,烧烤,20,100.0,active
沙拉酱,flavor,芝麻味,芝麻味,3,100.0,active
低温香肠,flavor,蒜香味,蒜香,4,100.0,active
其他蜜饯果干,flavor,草莓味,草莓,29,100.0,active
卤蛋,flavor,五香味,五香,38,100.0,active
果冻,flavor,菠萝味,菠萝,6,100.0,active
果冻,flavor,苹果味,苹果味,5,100.0,active
果冻,flavor,荔枝味,荔枝,6,100.0,active
蟹类,flavor,烧烤味,烧烤,6,100.0,active
瓜子,flavor,焦糖味,焦糖味,8,100.0,active
菜谱式复合调味品,flavor,香辣味,香辣味,12,100.0,active
辣条,flavor,香辣味,香辣,72,100.0,active
辣条,flavor,香辣味,香辣味,78,100.0,active
饼干,flavor,燕麦味,燕麦,8,100.0,active
虾条/虾片,flavor,烧烤味,烤肉味,9,100.0,active
虾条/虾片,flavor,烧烤味,烧烤,8,100.0,active
虾条/虾片,flavor,香辣味,香辣味,3,100.0,active
蟹类,flavor,香辣味,香辣味,12,100.0,active
果冻,flavor,蓝莓味,蓝莓,8,100.0,active
果冻,flavor,芒果味,芒果,11,100.0,active
魔芋爽,flavor,香辣味,香辣味,34,100.0,active
卤蛋,flavor,五香味,五香味,14,100.0,active
薯片/薯条,flavor,芝士味,芝士,4,100.0,active
薯片/薯条,flavor,黑胡椒味,黑椒,3,100.0,active
薯片/薯条,flavor,香辣味,香辣,13,100.0,active
熟食肉制品,flavor,酱香味,酱香,8,100.0,active
锅巴,flavor,烧烤味,烧烤,25,100.0,active
锅巴,flavor,香辣味,香辣味,12,100.0,active
奶酪,flavor,蓝莓味,蓝莓,3,100.0,active
风味牛奶,flavor,燕麦味,燕麦,3,100.0,active
鱼类,flavor,香辣味,香辣,23,100.0,active
辣条,flavor,烧烤味,烧烤,14,100.0,active
冷冻肉制品,flavor,孜然味,孜然味,6,100.0,active
卫生护垫,flavor,清香型,清香,5,100.0,active
辣条,flavor,麻辣味,麻辣,63,100.0,active
鱼类,flavor,香辣味,香辣味,48,100.0,active
辣条,flavor,孜然味,孜然味,3,100.0,active
魔芋爽,flavor,香辣味,香辣,16,100.0,active
果冻,flavor,苹果味,苹果,3,100.0,active
卤蛋,flavor,香辣味,香辣,4,100.0,active
卤蛋,flavor,酱香味,酱香,4,100.0,active
瓜子,flavor,陈皮味,陈皮,5,100.0,active
瓜子,flavor,绿茶味,绿茶,3,100.0,active
肉罐头,flavor,五香味,五香,4,100.0,active
其他蜜饯果干,flavor,柠檬味,柠檬,5,100.0,active
薯片/薯条,flavor,青柠味,青柠味,9,100.0,active
薯片/薯条,flavor,青柠味,青柠,3,100.0,active
粟米膨化,flavor,烧烤味,烧烤,3,100.0,active
低温香肠,flavor,香辣味,香辣,5,100.0,active
锅巴,flavor,酱香味,酱香,10,100.0,active
魔芋爽,flavor,麻辣味,麻辣,14,100.0,active
卤蛋,flavor,香辣味,香辣味,8,100.0,active
槟榔,flavor,咖啡味,咖啡,11,100.0,active
槟榔,flavor,薄荷味,薄荷,3,100.0,active
果冻,flavor,水蜜桃味,水蜜桃,5,100.0,active
海苔类,flavor,番茄味,番茄味,6,100.0,active
粟米膨化,flavor,草莓味,草莓,5,100.0,active
虾条/虾片,flavor,蒜香味,蒜香,6,100.0,active
冲泡奶茶,flavor,咖啡味,咖啡,5,100.0,active
冲泡奶茶,flavor,草莓味,草莓,8,100.0,active
冲泡奶茶,flavor,椰果味,椰果,7,100.0,active
海苔类,flavor,芝麻味,芝麻,11,100.0,active
果冻,flavor,凤梨味,凤梨,5,100.0,active
海带丝,flavor,香辣味,香辣味,15,100.0,active
金针菇,flavor,香辣味,香辣味,4,100.0,active
笋类,flavor,香辣味,香辣味,15,100.0,active
袋泡茶,flavor,绿茶味,绿茶,3,100.0,active
袋泡茶,flavor,茉莉花味,茉莉花茶,8,100.0,active
低温香肠,flavor,香辣味,香辣味,9,100.0,active
鱿鱼/章鱼/墨鱼类,flavor,麻辣味,麻辣,3,100.0,active
低温酸奶,flavor,香草味,香草,6,100.0,active
菜籽油,flavor,浓香型,浓香型,8,100.0,active
鱿鱼/章鱼/墨鱼类,flavor,香辣味,香辣,4,100.0,active
梅子干,flavor,酸甜味,酸甜,6,100.0,active
鱼类,flavor,烧烤味,烧烤,11,100.0,active
果酱,flavor,草莓味,草莓,3,100.0,active
沙琪玛,flavor,杏仁味,杏仁,4,100.0,active
槟榔,flavor,枸杞味,枸杞,21,100.0,active
爆米花,flavor,焦糖味,焦糖味,9,100.0,active
辣椒酱,flavor,蒜香味,蒜香,6,100.0,active
豆奶粉/豆浆粉,flavor,核桃味,核桃,4,100.0,active
沙琪玛,flavor,水果味,水果,4,100.0,active
冷冻肉制品,flavor,蒜香味,蒜香,3,100.0,active
烤馍片,flavor,孜然味,孜然味,3,100.0,active
即饮预调酒,flavor,葡萄味,葡萄,5,100.0,active
即饮预调酒,flavor,白桃味,白桃味,3,100.0,active
即饮预调酒,flavor,白桃味,白桃,5,100.0,active
即饮预调酒,flavor,荔枝味,荔枝,3,100.0,active
即饮预调酒,flavor,柠檬味,柠檬,3,100.0,active
辣条,flavor,烧烤味,烤肉味,4,100.0,active
冷冻烘培食品,flavor,芝士味,芝士,4,100.0,active
魔芋爽,flavor,烧烤味,烧烤,5,100.0,active
辣条,flavor,蒜香味,蒜香,7,100.0,active
沙琪玛,flavor,葡萄味,葡萄,6,100.0,active
螺蛳粉,flavor,麻辣味,麻辣,4,100.0,active
麻花,flavor,酸奶味,酸奶味,4,100.0,active
麻花,flavor,酸奶味,酸奶,4,100.0,active
沙琪玛,flavor,蔓越莓味,蔓越莓,3,100.0,active
低温酸奶,flavor,红枣味,枣味,10,100.0,active
芝麻糊,flavor,红枣味,枣味,5,100.0,active
卫生巾,function,夜用,夜用,5,100.0,active
锅巴,flavor,麻辣味,麻辣味,54,100.0,active
薯片/薯条,flavor,麻辣味,麻辣味,19,100.0,active
火锅底料,flavor,麻辣味,麻辣味,11,100.0,active
菜谱式复合调味品,flavor,麻辣味,麻辣味,11,100.0,active
魔芋爽,flavor,麻辣味,麻辣味,12,100.0,active
辣条,flavor,麻辣味,麻辣味,12,100.0,active
鱿鱼/章鱼/墨鱼类,flavor,麻辣味,麻辣味,3,100.0,active
熟食肉制品,flavor,麻辣味,麻辣味,4,100.0,active
配制型含乳饮料,flavor,杨梅味,杨梅,3,100.0,active
100%纯果汁(FC/NFC),flavor,杨梅味,杨梅,7,100.0,active
常温火腿肠,flavor,孜然味,孜然,7,100.0,active
水果罐头,flavor,什锦水果味,什锦水果,30,100.0,active
水果罐头,flavor,枇杷味,枇杷,9,100.0,active
即溶咖啡,flavor,美式,美式,10,100.0,active
果冻,flavor,什锦水果味,什锦,12,100.0,active
水果罐头,flavor,什锦水果味,什锦,37,100.0,active
火锅蘸料,flavor,孜然味,孜然味,3,100.0,active
果汁/水果/果味饮料,flavor,橙子味,橙子味,4,100.0,active
果汁/水果/果味饮料,flavor,橙子味,橙子,13,100.0,active
碳酸饮料,flavor,橙子味,橙子味,12,100.0,active
牙刷,function,护龈牙刷,护龈牙刷,125,90.0,active
牙膏,function,清火牙膏,清火牙膏,25,90.0,active
牙膏,function,抗敏感牙膏,抗敏感牙膏,27,100.0,active
牙刷,function,宽头牙刷,宽头牙刷,10,90.0,active
洗发水,function,去屑,去屑,514,90.0,active
卫生巾,function,超薄,超薄,144,90.0,active
洗发水,function,蓬松,蓬松,77,90.0,active
洗发水,function,强韧,强韧,38,90.0,active
成人纸尿裤,function,干爽,干爽,15,90.0,active
洗衣皂,function,净柔,净柔,5,90.0,active
洗衣粉,function,香氛,香氛,51,90.0,active
洗衣液,function,护理,护理,52,90.0,active
洗衣皂,function,香氛,香氛,15,90.0,active
洗衣液,function,去污,去污,5,90.0,active
洗衣液,function,护色,护色,34,90.0,active
洗衣液,function,浓缩,浓缩,4,90.0,active
洗衣液,function,香氛,香氛,114,90.0,active
洗衣凝珠,function,护色,护色,5,90.0,active
洗衣凝珠,function,浓缩,浓缩,11,90.0,active
卫生巾,function,干爽,干爽,39,90.0,active
卫生巾,function,日用,日用,346,100.0,active
卫生巾,function,护翼,护翼,51,90.0,active
卫生护垫,function,无香,无香,26,90.0,active
护发素,function,强韧,强韧,5,90.0,active
护发素,function,去屑,去屑,13,90.0,active
洗衣粉,function,炫白,炫白,9,90.0,active
护发素,function,染烫修护,染烫修护,4,90.0,active
卫生护垫,function,超薄,超薄,15,90.0,active
卫生巾,function,超长夜用,超长夜用,42,90.0,active
卫生巾,function,零触感,零触感,10,90.0,active
洗面奶,function,抗痘,抗痘,10,90.0,active
保鲜袋,function,保鲜,保鲜,195,90.0,active
护发素,function,香氛,香氛,15,90.0,active
卫生巾,function,零侧漏,零侧漏,10,90.0,active
卫生纸,function,压花卷纸,压花卷纸,4,90.0,active
洗衣皂,function,去污,去污,6,90.0,active
造型产品,function,蓬松,蓬松,5,90.0,active
卫生巾,function,超吸收,超吸收,22,100.0,active
成人纸尿裤,function,吸收,吸收,13,90.0,active
卫生巾,function,超净吸,超净吸,4,90.0,active
常温酸奶,flavor,燕麦味,燕麦味,8,100.0,active
猪肉制品小食,flavor,黑胡椒味,黑椒,26,100.0,active
猪肉制品小食,flavor,蜜汁味,蜜汁,79,100.0,active
牛肉制品小食,flavor,香辣味,香辣,82,100.0,active
牛肉制品小食,flavor,麻辣味,麻辣,113,100.0,active
牛肉制品小食,flavor,五香味,五香,154,100.0,active
牛肉制品小食,flavor,烧烤味,烧烤,97,100.0,active
牛肉制品小食,flavor,五香味,五香味,326,100.0,active
饼干,flavor,水蜜桃味,水蜜桃,5,100.0,active
牛肉制品小食,flavor,麻辣味,麻辣味,164,100.0,active
常温火腿肠,flavor,麻辣味,麻辣,25,100.0,active
鸡肉制品小食,flavor,香辣味,香辣,124,100.0,active
常温火腿肠,flavor,黑胡椒味,黑胡椒味,55,100.0,active
常温火腿肠,flavor,黑胡椒味,黑胡椒,24,100.0,active
果汁/水果/果味饮料,flavor,柠檬味,柠檬果味,3,100.0,active
鸡肉制品小食,flavor,五香味,五香味,74,100.0,active
鸡肉制品小食,flavor,香辣味,香辣味,278,100.0,active
牛肉制品小食,flavor,香辣味,香辣味,262,100.0,active
风味牛奶,flavor,花生味,花生,7,100.0,active
低温酸奶,flavor,百香果味,百香果味,12,100.0,active
常温火腿肠,flavor,黑胡椒味,黑椒,69,100.0,active
常温酸奶,flavor,芒果味,芒果,4,100.0,active
配制型含乳饮料,flavor,抹茶味,抹茶,4,100.0,active
猪肉制品小食,flavor,炭烧味,炭烧,21,100.0,active
卫生护垫,flavor,清香型,清香型,5,100.0,active
果冻,flavor,什锦水果味,水果味,6,100.0,active
猪肉制品小食,flavor,五香味,五香,56,100.0,active
玉米油,flavor,浓香型,浓香,6,100.0,active
奶酪,flavor,香草味,香草,5,100.0,active
奶酪,flavor,芒果味,芒果,6,100.0,active
辣椒酱,flavor,酱香味,酱香,8,100.0,active
猪肉制品小食,flavor,五香味,五香味,71,100.0,active
牛肉制品小食,flavor,沙嗲味,沙嗲味,44,100.0,active
菜谱式复合调味品,flavor,蒜香味,蒜香,16,100.0,active
猪肉制品小食,flavor,香辣味,香辣味,193,100.0,active
调和油,flavor,浓香型,浓香型,23,100.0,active
瓜子,flavor,陈皮味,陈皮味,14,100.0,active
鸡肉制品小食,flavor,麻辣味,麻辣,58,100.0,active
猪肉制品小食,flavor,沙嗲味,沙嗲味,6,100.0,active
菜谱式复合调味品,flavor,番茄味,番茄,3,100.0,active
鸡肉制品小食,flavor,五香味,五香,52,100.0,active
鸭肉制品小食,flavor,五香味,五香味,35,100.0,active
鸭肉制品小食,flavor,香辣味,香辣味,331,100.0,active
风味牛奶,flavor,红枣味,枣味,7,100.0,active
猪肉制品小食,flavor,烧烤味,烧烤,23,100.0,active
鸭肉制品小食,flavor,酱香味,酱香,60,100.0,active
鸭肉制品小食,flavor,五香味,五香,38,100.0,active
鸭肉制品小食,flavor,孜然味,孜然味,6,100.0,active
鸡肉制品小食,flavor,蜜汁味,蜜汁,60,100.0,active
果冻,flavor,酸奶味,酸奶,10,100.0,active
鸭肉制品小食,flavor,麻辣味,麻辣,70,100.0,active
鸭肉制品小食,flavor,麻辣味,麻辣味,64,100.0,active
鸭肉制品小食,flavor,蜜汁味,蜜汁,60,100.0,active
果冻,flavor,可乐味,可乐味,6,100.0,active
鸡肉制品小食,flavor,黑胡椒味,黑椒,11,100.0,active
常温酸奶,flavor,黄桃味,黄桃味,3,100.0,active
低温酸奶,flavor,混合莓果,混合莓,4,100.0,active
冷冻汤圆,flavor,核桃味,核桃,6,100.0,active
鸡肉制品小食,flavor,麻辣味,麻辣味,72,100.0,active
常温火腿肠,flavor,麻辣味,麻辣味,22,100.0,active
鸭肉制品小食,flavor,香辣味,香辣,126,100.0,active
鸡肉制品小食,flavor,烧烤味,烧烤,36,100.0,active
牛肉制品小食,flavor,沙嗲味,沙嗲,11,100.0,active
即饮预调酒,flavor,西柚味,西柚,6,100.0,active
即饮预调酒,flavor,荔枝味,荔枝味,3,100.0,active
猪肉制品小食,flavor,香辣味,香辣,40,100.0,active
猪肉制品小食,flavor,孜然味,孜然味,14,100.0,active
牛肉制品小食,flavor,孜然味,孜然味,24,100.0,active
猪肉制品小食,flavor,麻辣味,麻辣味,71,100.0,active
风味牛奶,flavor,香草味,香草,4,100.0,active
鸡肉制品小食,flavor,蒜香味,蒜香,22,100.0,active
洗衣液,flavor,果香,果香,9,100.0,active
果冻,flavor,柠檬味,柠檬,11,100.0,active
果冻,flavor,橘子味,橘子味,4,100.0,active
巧克力,flavor,咖啡味,咖啡,5,100.0,active
猪肉制品小食,flavor,黑胡椒味,黑胡椒味,8,100.0,active
碳酸饮料,flavor,凤梨味,凤梨,3,100.0,active
猪肉制品小食,flavor,麻辣味,麻辣,18,100.0,active
鸡肉制品小食,flavor,黑胡椒味,黑胡椒味,14,100.0,active
冲泡奶茶,flavor,抹茶味,抹茶,5,100.0,active
果冻,flavor,枇杷味,枇杷,6,100.0,active
100%纯果汁(FC/NFC),flavor,百香果味,百香果,6,100.0,active
鸭肉制品小食,flavor,烧烤味,烧烤,28,100.0,active
运动饮料,flavor,青柠味,青柠,4,100.0,active
常温火腿肠,flavor,孜然味,孜然味,7,100.0,active
猪肉制品小食,flavor,芝麻味,芝麻味,13,100.0,active
100%纯果汁(FC/NFC),flavor,草莓味,草莓,3,100.0,active
牛肉制品小食,flavor,孜然味,孜然,15,100.0,active
猪肉制品小食,flavor,芝麻味,白芝麻,9,100.0,active
牛肉制品小食,flavor,芝麻味,芝麻味,4,100.0,active
牛肉制品小食,flavor,芝麻味,芝麻,4,100.0,active
鸡肉制品小食,flavor,孜然味,孜然味,8,100.0,active
槟榔,flavor,酱香味,酱香,12,100.0,active
雪饼/米饼,flavor,花生味,花生,3,100.0,active
即饮预调酒,flavor,葡萄味,葡萄风味,3,100.0,active
辣条,flavor,孜然味,孜然,7,100.0,active
牛肉制品小食,flavor,黑胡椒味,黑胡椒味,4,100.0,active
牛肉制品小食,flavor,蜜汁味,蜜汁,3,100.0,active
猪肉制品小食,flavor,沙嗲味,沙嗲,5,100.0,active
雪饼/米饼,flavor,草莓味,草莓,5,100.0,active
辣椒酱,flavor,香辣味,香辣味,5,100.0,active
西式小蛋糕,flavor,水果味,水果,6,100.0,active
辣条,flavor,五香味,五香味,7,100.0,active
豆瓣酱,flavor,香辣味,香辣,3,100.0,active
牛肉制品小食,flavor,黑胡椒味,黑椒,3,100.0,active
其他蜜饯果干,flavor,话梅味,话梅,7,100.0,active
湿纸巾,flavor,柠檬味,柠檬,3,100.0,active
复合调味汁,flavor,烧烤味,烧烤,5,100.0,active
冲泡茶,flavor,茉莉花味,茉莉花茶,147,100.0,active
锅巴,flavor,孜然味,孜然,3,100.0,active
意面,flavor,番茄味,番茄,42,100.0,active
冲泡茶,flavor,茉莉花味,茉莉,50,100.0,active
混合五谷粉,flavor,核桃味,核桃,17,100.0,active
榨菜,flavor,麻辣味,麻辣,8,100.0,active
粟米膨化,flavor,芝士味,芝士,19,100.0,active
卤蛋,flavor,麻辣味,麻辣味,8,100.0,active
袋泡茶,flavor,红茶味,红茶,7,100.0,active
熟食肉制品,flavor,五香味,五香,164,100.0,active
熟食肉制品,flavor,香辣味,香辣味,5,100.0,active
冷冻点心/小吃,flavor,香辣味,香辣,4,100.0,active
腊肠腊肉腊鱼,flavor,五香味,五香,14,100.0,active
桃酥,flavor,芝麻味,芝麻味,5,100.0,active
桃酥,flavor,芝麻味,黑芝麻,11,100.0,active
冲泡咖啡,flavor,美式,美式,10,100.0,active
即溶咖啡,flavor,美式,美式咖啡,3,100.0,active
其他蜜饯果干,flavor,酸甜味,酸甜,13,100.0,active
蜂蜜饮料,flavor,柚子味,柚子味,21,100.0,active
螺蛳粉,flavor,麻辣味,麻辣味,22,100.0,active
沙琪玛,flavor,蔓越莓味,蔓越莓味,6,100.0,active
沙琪玛,flavor,红枣味,红枣,4,100.0,active
桃酥,flavor,芝麻味,芝麻,8,100.0,active
魔芋爽,flavor,五香味,五香味,3,100.0,active
冷冻点心/小吃,flavor,芝士味,芝士,6,100.0,active
熟食肉制品,flavor,五香味,五香味,10,100.0,active
腊肠腊肉腊鱼,flavor,麻辣味,麻辣,12,100.0,active
腊肠腊肉腊鱼,flavor,麻辣味,麻辣味,9,100.0,active
即食笋类,flavor,五香味,五香味,6,100.0,active
即食笋类,flavor,香辣味,香辣味,40,100.0,active
海藻类,flavor,香辣味,香辣味,9,100.0,active
熟食肉制品,flavor,香辣味,香辣,6,100.0,active
榨菜,flavor,酱香味,酱香,3,100.0,active
冷冻肉制品,flavor,黑胡椒味,黑胡椒味,20,100.0,active
豆豉,flavor,香辣味,香辣,11,100.0,active
维生素,flavor,草莓味,草莓,4,100.0,active
复合调味汁,flavor,香辣味,香辣味,3,100.0,active
核桃粉,flavor,红枣味,红枣,16,100.0,active
豆豉,flavor,香辣味,香辣味,5,100.0,active
根茎类,flavor,烧烤味,烧烤,12,100.0,active
低温香肠,flavor,黑胡椒味,黑椒,4,100.0,active
预制菜,flavor,麻辣味,麻辣,9,100.0,active
混合五谷粉,flavor,红枣味,红枣,11,100.0,active
烤馍片,flavor,麻辣味,麻辣味,8,100.0,active
烤馍片,flavor,烧烤味,烧烤,9,100.0,active
榨菜,flavor,香辣味,香辣味,4,100.0,active
速食汤羹,flavor,番茄味,番茄味,5,100.0,active
米通麦通米果卷,flavor,芝麻味,芝麻味,9,100.0,active
粟米膨化,flavor,番茄味,番茄味,5,100.0,active
米通麦通米果卷,flavor,花生味,花生,12,100.0,active
烧烤酱,flavor,黑胡椒味,黑胡椒味,4,100.0,active
锅巴,flavor,番茄味,番茄味,6,100.0,active
锅巴,flavor,香辣味,香辣,13,100.0,active
火锅蘸料,flavor,孜然味,孜然,3,100.0,active
爆米花,flavor,焦糖味,焦糖,8,100.0,active
桃酥,flavor,椒盐味,椒盐,5,100.0,active
桃酥,flavor,花生味,花生,17,100.0,active
菌菇类,flavor,烧烤味,烧烤,3,100.0,active
豆奶粉/豆浆粉,flavor,红枣味,枣味,3,100.0,active
金针菇,flavor,麻辣味,麻辣,3,100.0,active
鱼类,flavor,蜜汁味,蜜汁,6,100.0,active
烤馍片,flavor,番茄味,番茄味,4,100.0,active
冲泡茶,flavor,陈皮味,陈皮,5,100.0,active
海苔类,flavor,芝麻味,芝麻味,16,100.0,active
锅巴,flavor,烧烤味,烤肉味,8,100.0,active
榨菜,flavor,香辣味,香辣,6,100.0,active
海苔类,flavor,烧烤味,烧烤,9,100.0,active
粟米膨化,flavor,香辣味,香辣味,7,100.0,active
卤蛋,flavor,麻辣味,麻辣,4,100.0,active
即食笋类,flavor,香辣味,香辣,10,100.0,active
鱼肉制品小食,flavor,烧烤味,烧烤,4,100.0,active
烤馍片,flavor,香辣味,香辣味,6,100.0,active
芝麻酱,flavor,香辣味,香辣,3,100.0,active
沙琪玛,flavor,红枣味,枣味,7,100.0,active
烤馍片,flavor,孜然味,孜然,4,100.0,active
冷冻主食,flavor,芝士味,芝士,16,100.0,active
米通麦通米果卷,flavor,巧克力味,巧克力,3,100.0,active
冷冻肉制品,flavor,香辣味,香辣味,4,100.0,active
螺蛳粉,flavor,香辣味,香辣,3,100.0,active
冷冻肉制品,flavor,蜜汁味,蜜汁,5,100.0,active
冷冻肉制品,flavor,烧烤味,烧烤,10,100.0,active
榨菜,flavor,五香味,五香,3,100.0,active
午餐肉,flavor,黑胡椒味,黑椒,4,100.0,active
冷冻点心/小吃,flavor,香辣味,香辣味,3,100.0,active
沙拉酱,flavor,芝士味,芝士,4,100.0,active
鱼类,flavor,孜然味,孜然味,5,100.0,active
月饼,flavor,巧克力味,巧克力,3,100.0,active
粟米膨化,flavor,蒜香味,蒜香,4,100.0,active
螺蛳粉,flavor,香辣味,香辣味,5,100.0,active
爆米花,flavor,芝士味,芝士,3,100.0,active
果酱,flavor,柠檬味,柠檬,4,100.0,active
爆米花,flavor,巧克力味,巧克力,3,100.0,active
腊肠腊肉腊鱼,flavor,五香味,五香味,6,100.0,active
沙琪玛,flavor,水果味,水果味,3,100.0,active
冷冻蔬菜/配菜,flavor,芝士味,芝士,3,100.0,active
护发素,function,蓬松,蓬松,13,90.0,active
常温酸奶,flavor,红枣味,红枣,3,100.0,active
卫生巾,function,抗菌,抗菌,5,90.0,active
卫生护垫,function,日用,日用,4,90.0,active
冷冻汤圆,flavor,水果味,水果,5,100.0,active
身体乳/身体霜,function,香氛,香氛,8,90.0,active
身体乳/身体霜,function,柔肤,柔肤,5,90.0,active
沐浴露/沐浴乳,function,儿童温和,儿童温和,4,90.0,active
衣物柔顺剂,function,柔顺衣物,柔顺衣物,4,90.0,active
洗衣皂,function,护色,护色,4,90.0,active
衣物预洗/预洁及助洗产品,function,去渍,去渍,11,90.0,active
造型产品,function,丰盈,丰盈,8,90.0,active
造型产品,function,哑光,哑光,5,90.0,active
婴儿湿抹巾,function,柔肤,柔肤,5,90.0,active
洗衣皂,function,抗菌,抗菌,5,90.0,active
奶瓶,function,宽口径,宽口径,9,90.0,active
运动饮料,flavor,白桃味,白桃味,8,100.0,active
果冻,flavor,黄桃味,黄桃味,20,100.0,active
沙琪玛,flavor,芝麻味,黑芝麻,4,100.0,active
派/挞,flavor,草莓味,草莓,32,100.0,active
派/挞,flavor,巧克力味,巧克力,35,100.0,active
酥糖,flavor,芝麻味,芝麻味,5,100.0,active
酥糖,flavor,花生味,花生,44,100.0,active
派/挞,flavor,可可味,可可,10,100.0,active
蜂蜜,flavor,枸杞味,枸杞,6,100.0,active
开心果,flavor,盐焗味,盐焗,23,100.0,active
布丁/慕斯类（含提拉米苏）,flavor,巧克力味,巧克力,4,100.0,active
酥糖,flavor,芝麻味,芝麻,117,100.0,active
蚕豆/兰花豆,flavor,麻辣味,麻辣味,11,100.0,active
蚕豆/兰花豆,flavor,五香味,五香味,12,100.0,active
蚕豆/兰花豆,flavor,香辣味,香辣味,16,100.0,active
核桃,flavor,椒盐味,椒盐,7,100.0,active
布丁/慕斯类（含提拉米苏）,flavor,草莓味,草莓,15,100.0,active
豌豆/青豆,flavor,蒜香味,蒜香,15,100.0,active
布丁/慕斯类（含提拉米苏）,flavor,芒果味,芒果,3,100.0,active
蚕豆/兰花豆,flavor,麻辣味,麻辣,3,100.0,active
蜂蜜制品,flavor,柠檬味,柠檬,10,100.0,active
蚕豆/兰花豆,flavor,烧烤味,烤肉味,5,100.0,active
蚕豆/兰花豆,flavor,香辣味,香辣,4,100.0,active
华夫饼,flavor,巧克力味,巧克力,3,100.0,active
华夫饼,flavor,黄油味,黄油,4,100.0,active
布丁/慕斯类（含提拉米苏）,flavor,焦糖味,焦糖,4,100.0,active
酥糖,flavor,芝麻味,白芝麻,9,100.0,active
冷藏主食,flavor,香辣味,香辣,5,100.0,active
冷藏主食,flavor,芝士味,芝士,9,100.0,active
瓜子,flavor,奶油味,奶油味,40,100.0,active
瓜子,flavor,奶油味,奶油,5,100.0,active
西式小蛋糕,flavor,奶油味,奶油,37,100.0,active
西式小蛋糕,flavor,奶油味,奶油味,15,100.0,active
低温酸奶,flavor,芒果味,芒果风味,3,100.0,active
爆米花,flavor,奶油味,奶油味,85,100.0,active
花生,flavor,奶油,奶油,3,100.0,active
花生,flavor,奶油,奶油味,7,100.0,active
爆米花,flavor,奶油味,奶油,10,100.0,active
核桃,flavor,奶油味,奶油味,3,100.0,active
配制型含乳饮料,flavor,原味,原味,117,100.0,active
发酵型含乳饮料,flavor,原味,原味,478,100.0,active
低温酸奶,flavor,原味,原味,621,100.0,active
常温酸奶,flavor,原味,原味,58,100.0,active
饼干,flavor,原味,原味,159,100.0,active
奶酪,flavor,原味,原味,129,100.0,active
面包,flavor,原味,原味,205,100.0,active
麦片,flavor,原味,原味,88,100.0,active
核桃乳,flavor,原味,原味,9,100.0,active
即饮奶茶,flavor,原味,原味,27,100.0,active
薯片/薯条,flavor,原味,原味,186,100.0,active
瓜子,flavor,原味,原味,220,100.0,active
小麦面类（干制）,flavor,原味,原味,379,100.0,active
牛肉制品小食,flavor,原味,原味,173,100.0,active
猪肉制品小食,flavor,原味,原味,158,100.0,active
雪饼/米饼,flavor,原味,原味,27,100.0,active
鸡肉制品小食,flavor,原味,原味,59,100.0,active
西式小蛋糕,flavor,原味,原味,119,100.0,active
复合蛋白饮料,flavor,原味,原味,22,100.0,active
植物饮料,flavor,原味,原味,8,100.0,active
面粉,flavor,原味,原味,86,100.0,active
风味牛奶,flavor,原味,原味,5,100.0,active
冲泡奶茶,flavor,原味,原味,26,100.0,active
能量饮料,flavor,原味,原味,5,100.0,active
椰子乳,flavor,原味,原味,10,100.0,active
鸭肉制品小食,flavor,原味,原味,50,100.0,active
米,flavor,原味,原味,8,100.0,active
槟榔,flavor,原味,原味,10,100.0,active
营养素/维生素饮料,flavor,原味,原味,4,100.0,active
午餐肉,flavor,原味,原味,16,100.0,active
龟苓膏,flavor,原味,原味,18,100.0,active
芒果干,flavor,原味,原味,8,100.0,active
豆奶粉/豆浆粉,flavor,原味,原味,82,100.0,active
烧烤酱,flavor,原味,原味,13,100.0,active
黄酒/米酒,flavor,原味,原味,9,100.0,active
芝麻糊,flavor,原味,原味,18,100.0,active
榨菜,flavor,原味,原味,21,100.0,active
华夫饼,flavor,原味,原味,31,100.0,active
藕粉,flavor,原味,原味,13,100.0,active
其他蜜饯果干,flavor,原味,原味,53,100.0,active
菌菇酱,flavor,原味,原味,33,100.0,active
沙拉酱,flavor,原味,原味,8,100.0,active
海苔类,flavor,原味,原味,133,100.0,active
鱼类,flavor,原味,原味,38,100.0,active
炼奶,flavor,原味,原味,5,100.0,active
花生,flavor,原味,原味,65,100.0,active
醪糟,flavor,原味,原味,9,100.0,active
咖喱,flavor,原味,原味,35,100.0,active
虾条/虾片,flavor,原味,原味,62,100.0,active
牛肉酱,flavor,原味,原味,13,100.0,active
螺蛳粉,flavor,原味,原味,50,100.0,active
肉松饼,flavor,原味,原味,12,100.0,active
鱿鱼/章鱼/墨鱼类,flavor,原味,原味,40,100.0,active
沙琪玛,flavor,原味,原味,18,100.0,active
梅子干,flavor,原味,原味,3,100.0,active
山楂干,flavor,原味,原味,51,100.0,active
卤蛋,flavor,原味,原味,10,100.0,active
苏打水,flavor,原味,原味,48,100.0,active
爆米花,flavor,原味,原味,12,100.0,active
烤馍片,flavor,原味,原味,17,100.0,active
杏仁乳,flavor,原味,原味,8,100.0,active
蚕豆/兰花豆,flavor,原味,原味,8,100.0,active
熟食肉制品,flavor,原味,原味,10,100.0,active
锅巴,flavor,原味,原味,14,100.0,active
粟米膨化,flavor,原味,原味,7,100.0,active
米通麦通米果卷,flavor,原味,原味,5,100.0,active
米糊,flavor,原味,原味,5,100.0,active
红薯干,flavor,原味,原味,5,100.0,active
发酵甜饮,flavor,原味,原味,4,100.0,active
鱼糜肠,flavor,原味,原味,25,100.0,active
蟹类,flavor,原味,原味,8,100.0,active
核桃粉,flavor,原味,原味,4,100.0,active
腰果,flavor,原味,原味,6,100.0,active
蜂蜜,flavor,原味,原味,3,100.0,active
低温香肠,flavor,原味,原味,4,100.0,active
米露饮料,flavor,原味,原味,6,100.0,active
小馒头,flavor,原味,原味,3,100.0,active
蛋黄酥,flavor,原味,原味,8,100.0,active
婴儿辅食,flavor,原味,原味,4,100.0,active
板栗,flavor,原味,原味,21,100.0,active
方便米线,flavor,原味,原味,4,100.0,active
豌豆/青豆,flavor,原味,原味,6,100.0,active
盐,flavor,原味,原味,8,100.0,active
核桃,flavor,原味,原味,4,100.0,active
酥糖,flavor,原味,原味,4,100.0,active
布丁/慕斯类（含提拉米苏）,flavor,原味,原味,8,100.0,active
速冻汤圆,flavor,花生味,花生,92,100.0,active
速冻肠,flavor,原味,原味,160,100.0,active
雪糕/冰淇淋,flavor,原味,原味,84,100.0,active
低温香肠,flavor,芝士味,芝士,5,100.0,active
速冻汤圆,flavor,水果味,水果,5,100.0,active
充气糖果,flavor,草莓味,草莓,19,100.0,active
充气糖果,flavor,香草味,香草,4,100.0,active
充气糖果,flavor,葡萄味,葡萄,13,100.0,active
充气糖果,flavor,香橙味,香橙味,7,100.0,active
充气糖果,flavor,蓝莓味,蓝莓,4,100.0,active
充气糖果,flavor,巧克力味,巧克力,4,100.0,active
低温香肠,flavor,黑胡椒味,黑胡椒味,18,100.0,active
低温纯牛奶,flavor,原味,原味,3,100.0,active
速冻汤圆,flavor,核桃味,核桃,6,100.0,active
派/挞,flavor,芝士味,芝士,3,100.0,active
充气糖果,flavor,柠檬味,柠檬,3,100.0,active
低温香肠,flavor,黑胡椒味,黑胡椒,8,100.0,active
蛋卷,flavor,抹茶味,抹茶,3,100.0,active
奶片/奶条,flavor,酸奶味,酸奶,13,100.0,active
蛋卷,flavor,巧克力味,巧克力,15,100.0,active
奶片/奶条,flavor,蓝莓味,蓝莓,4,100.0,active
奶片/奶条,flavor,草莓味,草莓,21,100.0,active
午餐肉,flavor,黑胡椒味,黑胡椒味,3,100.0,active
速冻牛肉/调理牛肉,flavor,原味,原味,4,100.0,active
速冻鸡肉/调理鸡肉,flavor,原味,原味,93,100.0,active
速冻猪肉/调理猪肉,flavor,蒜香味,蒜香,7,100.0,active
奶片/奶条,flavor,原味,原味,45,100.0,active
速冻点心,flavor,原味,原味,7,100.0,active
速冻牛肉/调理牛肉,flavor,番茄味,番茄味,10,100.0,active
速冻猪肉/调理猪肉,flavor,原味,原味,14,100.0,active
蘸料,flavor,原味,原味,37,100.0,active
速冻鸡肉/调理鸡肉,flavor,孜然味,孜然,10,100.0,active
速冻鸡肉/调理鸡肉,flavor,香辣味,香辣,22,100.0,active
速冻羊肉/调理羊肉,flavor,孜然味,孜然,4,100.0,active
沙拉酱,flavor,番茄味,番茄,3,100.0,active
奶片/奶条,flavor,酸奶味,酸奶味,10,100.0,active
蛋卷,flavor,原味,原味,16,100.0,active
笋类,flavor,五香味,五香味,6,100.0,active
蛋卷,flavor,芝麻味,黑芝麻,10,100.0,active
速冻鸡肉/调理鸡肉,flavor,孜然味,孜然味,7,100.0,active
即食蔬菜零食,flavor,原味,原味,3,100.0,active
即食蔬菜零食,flavor,烧烤味,烧烤,13,100.0,active
冷藏主食,flavor,原味,原味,3,100.0,active
虾条/虾片,flavor,番茄味,番茄味,3,100.0,active
鱼类,flavor,五香味,五香味,5,100.0,active
蛋卷,flavor,芝麻味,芝麻味,4,100.0,active
速冻牛肉/调理牛肉,flavor,番茄味,番茄,7,100.0,active
笋类,flavor,原味,原味,9,100.0,active
蛋卷,flavor,黄油味,黄油,4,100.0,active
速冻鸡肉/调理鸡肉,flavor,蒜香味,蒜香,4,100.0,active
速冻鸡肉/调理鸡肉,flavor,香辣味,香辣味,7,100.0,active
速冻鸡肉/调理鸡肉,flavor,蜜汁味,蜜汁,5,100.0,active
即食蔬菜零食,flavor,芝士味,芝士,4,100.0,active
蛋卷,flavor,芝麻味,芝麻,3,100.0,active
速冻猪肉/调理猪肉,flavor,孜然味,孜然,3,100.0,active
蛋卷,flavor,花生味,花生,3,100.0,active
干货,flavor,原味,原味,11,100.0,active
