pool_level,category_name,pool_flavors,flavor_count,comment
四级,100%纯果汁(FC/NFC),"其他,冰糖雪梨味,杨梅味,柠檬味,梨味,樱桃味,橙子味,水蜜桃味,猕猴桃味,番石榴味,白桃味,百香果味,红石榴味,芒果味,苹果味,草莓味,菠萝味,葡萄味,蓝莓味,西瓜味,青提味",21,
四级,个人护理套装/组合装,"奶香型,无味型,木质香型,果香型,清香型,花香型,草本香型,薄荷香型",8,
四级,中国白酒,"其他,兼香,凤香,浓香,清香,米香,芝麻香,药香,酱香",9,
四级,中老年奶粉,"低糖原味,其他,原味,核桃味,燕麦味,红枣味,香草味,高钙原味",8,
四级,亚麻籽油,"其他,原味,坚果香,淡味,轻微苦涩",5,
四级,什锦酱菜,"五香,其他,咸鲜,微辣,泡椒,蒜香,酱香,酸甜,香辣,麻辣",10,
四级,代餐粉,"其他,原味,咖啡味,奶茶味,巧克力味,抹茶味,椰子味,紫薯味,红豆味,芒果味,草莓味,蓝莓味,香草味,香蕉味",14,
四级,休闲零食组合装/大礼包,"五香味,咸味,奶香味,果味,混合口味,烧烤味,甜味,香辣味",8,
四级,传统式复合调味品,"五香型,其他,卤香型,甜辣型,酱香浓香型,香辣型,鲜香型,麻辣型",8,
四级,低温纯牛奶,"其他,原味,奶香味,清淡型",4,
四级,低温酸奶,"其他,原味,混合莓果,燕麦味,百香果味,红枣味,芒果味,草莓味,蓝莓味,香草味,黄桃味",11,
四级,低温香肠,"其他,原味,台式风味,奥尔良风味,烟熏味,玉米味,芝士味,蒜香味,蘑菇味,香辣味,黑胡椒味",11,
四级,充气糖果,"其他,哈密瓜味,巧克力味,抹茶味,柠檬味,椰子味,榴莲味,水蜜桃味,牛奶味,芒果味,草莓味,葡萄味,蓝莓味,香橙味,香草味",15,
四级,全家奶粉,"其他,原味,巧克力味,草莓味,蜂蜜味,香草味,麦香味",7,
四级,其他中式粉面,"其他,卤香味,海鲜味,牛肉味,番茄味,菌菇味,葱香味,酸菜味,酸辣味,香辣味,鸡肉味,麻辣味,麻酱味",13,
四级,其他中式糕点,"五香味,其他,咸味,奶香味,枣泥味,桂花味,椒盐味,甜味,红豆味,绿豆味,肉松味,芝麻味,莲蓉味,蛋黄味",14,
四级,其他中式调味酱,"五香,其他,咸鲜,海鲜,牛肉,菌菇,蒜香,豆豉,酱香,酸甜,香菇,香辣,麻辣",13,
四级,其他亚洲传统饮料,"其他,原味,姜味,柚子味,柠檬味,桂花味,椰香,玫瑰味,甘蔗味,罗汉果味,薄荷味,蜂蜜味,香茅味",13,
四级,其他保健品,"其他,原味,柠檬味,橙子味,芒果味,苹果味,草莓味,蓝莓味,薄荷味,蜂蜜味,西柚味",11,
四级,其他冲饮果汁/粉,"仙人掌果味,其他,姜黄味,柠檬味,桃子味,橙子味,混合水果味,玫瑰茄味,番石榴味,百香果味,芒果味,苹果味,草莓味,葡萄味,蓝莓味",15,
四级,其他冲饮谷物,"五谷香,原味,无糖,桂花味,椰香味,牛奶味,甜味,红枣味,草本味,蜂蜜味",10,
四级,其他功能饮料,"其他,原味,柠檬味,桃子味,橙子味,芒果味,苹果味,草莓味,葡萄味,蓝莓味,薄荷味",11,
四级,其他包装水,"其他,原味,植物风味,水果味,电解质味,苏打味",6,
四级,其他口腔护理,"其他,无味,水果味,绿茶味,薄荷味,蜂蜜味",6,
四级,其他含乳饮料,"其他,原味,咖啡味,哈密瓜味,巧克力味,抹茶味,杏子味,杨梅味,柚子味,椰子味,水蜜桃味,芒果味,草莓味,荔枝味,蓝莓味,香草味,香蕉味",17,
四级,其他坚果炒货,"五香味,其他,原味,奶油味,椒盐味,炭烧味,焦糖味,蜂蜜味,香辣味",9,
四级,其他基础单一调味品,"中辣,五香味,八角味,其他,原味,姜味,孜然味,微辣,椒盐味,特辣,白胡椒味,花椒味,蒜香味,香辣味,麻辣味,黑胡椒味",16,
四级,其他基础酿造类调味品,"其他,咸鲜味,微甜,微酸,鲜味",5,
四级,其他复合调味品,"五香,其他,咖喱,沙茶,海鲜,烧烤,番茄,酸辣,麻辣",9,
四级,其他宠物主粮,"其他,原味,奶香味,水果味,海鲜味,肉味,蔬菜味,谷物味",8,
四级,其他成人奶粉,"其他,原味,巧克力味,抹茶味,草莓味,香草味,麦香味",7,
四级,其他方便食品,"其他,原味,咖喱,椰奶,海鲜,牛肉,猪肉,番茄,芝麻,蔬菜,豆沙,酸辣,鸡肉,麻辣",14,
四级,其他有汽饮品,"乳酸菌味,其他,可乐味,姜味,柠檬味,橙味,苏打味,苹果味,荔枝味,葡萄味,薄荷味,蜜桃味,西柚味,青柠味",14,
四级,其他植物蛋白饮料,"其他,原味,巧克力味,抹茶味,椰香味,芒果味,蓝莓味,香草味,香蕉味",9,
四级,其他海味零食,"五香味,其他,原味,烧烤味,蒜香味,酸甜味,香辣味,麻辣味",8,
四级,其他烘焙原料,"其他,原味,巧克力味,抹茶味,杏仁味,柠檬味,椰香味,榛子味,焦糖味,草莓味,香草味",11,
四级,其他糖果,"其他,咖啡味,咸甜味,坚果味,巧克力味,水果味,焦糖味,牛奶味,花香,茶味,薄荷味,蜂蜜味,辣味,酒味,酸奶味",15,
四级,其他纯植物油,"其他,原味,果仁香,浓香,清香,芝麻香",6,
四级,其他罐头食品,"其他,原味,咖喱味,咸味,甜味,番茄味,辣味,酸甜味",8,
四级,其他肉类制品小食,"五香味,其他,原味,咖喱味,孜然味,泡椒味,烧烤味,蒜香味,蜜汁味,酱香味,香辣味,麻辣味,黑胡椒味",13,
四级,其他胶冻品类,"其他,原味,咖啡味,奶茶味,抹茶味,杏仁味,柠檬味,红豆味,芒果味,荔枝味,蜂蜜味,蜜桃味,黑糖味",13,
四级,其他膨化食品,"其他,原味,泡菜味,海苔味,烧烤味,牛肉味,甜辣味,番茄味,芝士味,芥末味,香辣味,鸡肉味,黄瓜味",13,
四级,其他自热食品,"其他,卤香味,原味,咖喱味,泡菜味,海鲜味,烧烤味,牛肉味,番茄味,蔬菜味,酸菜味,鸡肉味,麻辣味",13,
四级,其他茶饮料,"其他,凤凰单丛,柠檬红茶,桂花乌龙,樱花青提,烟波龙井,玫瑰红茶,百香果绿茶,翡翠西柚,芒果绿茶,茉莉绿茶,草莓红茶,荔枝乌龙,葡萄茉莉,蜂蜜柚子,蜜桃乌龙,西柚绿茶,青提乌龙,青柑普洱,鸭屎香",20,
四级,其他蜂蜜/蜂蜜制品,"其他,原味,枇杷味,柚子味,柠檬味,桂花味,玫瑰味,生姜味,红枣味,荔枝味,蓝莓味,薄荷味",12,
四级,其他蜜饯果干,"其他,冰糖味,原味,柠檬味,榴莲味,甘草味,盐津味,芒果味,草莓味,蜂蜜味,话梅味,酸甜味,陈皮味,香辣味",14,
四级,其他西式粉面,"其他,南瓜味,原味,奶油味,海鲜味,番茄味,芝士味,菠菜味,蒜香味,蘑菇味,辣味,香草味,黑椒味",13,
四级,其他西式糕点,"其他,原味,咖啡味,坚果味,巧克力味,抹茶味,水果味,焦糖味,肉桂味,芝士味,香草味",11,
四级,其他西式调味酱,"其他,塔塔味,奶油味,柠檬味,红酒味,芥末味,荷兰酱味,蒜香味,薄荷味,蜂蜜芥末味,辣味,酸甜味,黑胡椒味",13,
四级,其他调味助剂,"五香,其他,咖喱,咸鲜,海鲜,烟熏,番茄,葱香,蒜香,酱香,香辣",11,
四级,其他豆干制品,"五香,其他,卤香,原味,孜然,泡椒,烧烤,牛肉,盐焗,酱香,香菇,香辣,鸡汁,麻辣",14,
四级,其他速冻火锅食材,"五香味,其他,原味,泡椒味,麻辣味",5,
四级,其他速冻肉类/调理食材,"五香,其他,原味,咖喱味,奥尔良味,孜然味,椒盐味,照烧味,蒜香味,藤椒味,蜜汁味,香辣味,黑椒味",13,
四级,其他速冻面点与主食,"其他,原味,咸蛋黄味,孜然味,梅干菜味,牛肉味,猪肉大葱,芝士味,葱油味,蔬菜味,豆沙味,酱香,麻辣,黑椒",14,
四级,其他速食肠,"其他,孜然,牛肉,蒜蓉,蘑菇,蜜辣,香辣,鸡肉,麻辣",9,
四级,其他酱腌菜,"五香,其他,原味,咸香,泡椒,甜酸,蒜香,酱香,酸辣,麻辣",10,
四级,其他香辛料及香辛料制品,"五香,其他,咖喱,孜然,本味,甜辣,芥末,蒜香,酱香,酸辣,香辣,麻辣,黑胡椒",13,
四级,其他鲜萃/提取类调味品,"其他,原味,复合鲜味,海鲜鲜味,淡盐,肉骨鲜味,菌菇鲜味,蔬菜鲜味",8,
四级,冲泡凉茶,"其他,夏枯草味,柠檬草味,玫瑰花味,甘草味,菊花味,薄荷味,金银花味,陈皮味",9,
四级,冲泡咖啡,"其他,巧克力,拿铁,椰香,榛果,沁风桃桃味,清新茉莉味,焙烤椰子味,焦糖,白桃味,美式,香草",12,
四级,冲泡奶茶,"其他,原味,咖啡味,巧克力味,抹茶味,椰果味,港式丝袜,珍珠奶茶味,草莓味,阿萨姆,香芋味",11,
四级,冲泡茶,"其他,原味,柠檬味,桂花味,玫瑰味,茉莉花味,薄荷味,蜜桃味,陈皮味",9,
四级,冲饮果汁,"其他,复合果蔬味,柠檬味,橙子味,水蜜桃味,百香果味,芒果味,苹果味,草莓味,蓝莓味,西柚味",11,
四级,冷藏主食,"其他,原味,咸香,培根味,奥尔良味,奶香,椒盐味,海鲜味,牛肉味,猪肉味,甜味,番茄味,芝士味,菌菇味,蔬菜味,香葱味,香辣味,鸡肉味,麻辣味,黑椒味",20,
四级,冷藏卤味,"五香,其他,天啦,藤椒,酱香,麻辣",6,
四级,冷藏烘焙,"其他,奶油,巧克力,抹茶,水果夹心,肉松,芋泥",7,
四级,冷藏蔬果,"其他,原味,微酸味,淡咸味,淡甜味,清甜味,清苦味,清香味,甘苦味,甜味,芳香味,辛辣味,酸味,酸甜味,香辣味,鲜爽味",16,
四级,冷藏豆制品,"五香,其他,原味,红油,芦苇,麻辣",6,
四级,凉粉,"其他,奶茶,椰奶,炼乳味,红糖,酒酿/小丸子",6,
四级,凤梨酥,"其他,原味,咸蛋黄味,土凤梨味,巧克力味,抹茶味,椰香凤梨味,蔓越莓凤梨味",8,
四级,包装食用糖,"其他,原味,柠檬味,桂花味,椰子味,焦糖味,玫瑰味,红糖味,蜂蜜味,香草味,黑糖味",11,
四级,午餐肉,"其他,原味,烟熏味,烧烤味,玉米味,蒜香味,香辣味,黑胡椒味",8,
四级,华夫饼,"其他,原味,咸蛋黄味,巧克力味,抹茶味,椰子味,焦糖味,牛奶味,红豆味,草莓味,蓝莓味,蜂蜜味,香草味,香蕉味,黄油味",15,
四级,卤蛋,"五香味,其他,原味,咸鲜味,泡椒味,茶香味,蒜香味,蜜汁味,酱香味,香辣味,麻辣味",11,
四级,卫生巾,"无香型,清香型",2,
四级,卫生护垫,"无香型,清香型",2,
四级,即溶咖啡,"三合一,二合一,其他,摩卡,榛果,沁风桃桃味,清新茉莉味,焙烤椰子味,焦糖,白桃味,纯黑,香草",12,
四级,即食蔬菜零食,"其他,原味,海盐味,烧烤味,番茄味,芝士味,黑松露味",7,
四级,即饮咖啡,"其他,原味,抹茶,拿铁,摩卡,椰香,榛果,焦糖玛奇朵,香草",9,
四级,即饮奶茶,"乌龙茶味,其他,原味,咖啡味,巧克力味,抹茶味,普洱奶茶,柠檬味,水蜜桃味,焦糖味,百香果味,红茶味,红豆味,绿茶味,芒果味,芝士味,茉莉花茶味,草莓味,葡萄味",19,
四级,即饮果蔬汁,"其他,橙胡萝卜汁,混合蔬菜汁,番茄苹果汁,纯甜菜根汁,纯番茄汁,纯羽衣甘蓝汁,纯胡萝卜汁,纯西芹汁,芒果胡萝卜汁,苹果甜菜根汁,苹果羽衣甘蓝汁,苹果胡萝卜汁,苹果菠菜汁,苹果西芹汁,菠萝羽衣甘蓝汁",16,
四级,即饮茶,"乌龙茶味,其他,普洱茶,白茶,红茶,绿茶,茉莉花茶,黄茶,黑茶",9,
四级,即饮预调酒,"乌龙茶/红茶味,乳酸菌味,其他,可乐味,柠檬味,混合水果味,白桃味,芒果味,荔枝味,葡萄味,薄荷味,西柚味",12,
四级,发膜/焗油膏,"其他,奶香,无香,木质香,果香,花香,茶香",7,
四级,发酵型含乳饮料,"其他,原味,柠檬味,橙子味,水蜜桃味,油柑双柚味,混合莓果味,芒果味,草莓味,菠萝味,葡萄味,蓝莓味,蜂蜜味,青柠味",14,
四级,发酵气泡茶,"其他,原味,柠檬味,玫瑰味,甜味,薄荷味,蜜桃味,西柚味,青柠味,黄瓜味",10,
四级,发酵甜饮,"其他,原味,奶香味,抹茶味,柠檬味,椰子味,水果味,米香味,红豆味,芒果味,草莓味,葡萄味,蜂蜜味",13,
四级,口腔喷雾,"其他,柠檬味,水果味,绿茶味,草莓味,薄荷味",6,
四级,咖喱,"中辣,其他,印度风味,原味,微辣,日式风味,椰香味,泰式风味,甜味,重辣",10,
四级,啤酒,"其他,微苦,果香,淡爽,清爽,甘甜,醇厚,顺滑,麦香",9,
四级,复合型植物蛋白饮料,"其他,南瓜味,原味,大豆味,杏仁味,核桃味,椰子味,混合果味,燕麦味,玉米味,红豆味,绿豆味,芝麻味,花生味",14,
四级,复合果干,"其他,原味,微酸,提子甜,果香浓郁,椰香,甜香,芒果香,草莓香,蔓越莓酸,酸甜,黄桃甜",12,
四级,复合蛋白饮料,"其他,原味,坚果味,果味,特色风味,谷物味",6,
四级,复合调味汁,"其他,泰式甜辣,烧烤味,番茄味,糖醋味,芥末味,蒜香味,蚝油味,豉香味,酸甜味,香辣味,鱼香味,麻香味,黑椒味",14,
四级,大豆油,"其他,原味,浓郁,浓香,清香,纯香",6,
四级,奇异果/猕猴桃干,"其他,原味,甘草味,蜂蜜味,酸甜,陈皮味",6,
四级,女士奶粉,"其他,原味,巧克力味,无糖味,红枣枸杞味,草莓味,香草味,麦香味",8,
四级,奶嘴,"其他,奶香味,无味,母乳味,水果味,香草味",6,
四级,奶油,"其他,原味,发酵,含盐,巧克力,无盐,草莓,香草",8,
四级,奶油酱,"其他,原味,松露,柠檬,烟熏,芝士,蒜香,蘑菇,辣味,香草,黑胡椒",11,
四级,奶片/奶条,"其他,原味,哈密瓜味,巧克力味,抹茶味,椰子味,芒果味,芝士味,草莓味,蓝莓味,蜜桃味,酸奶味,香草味,香蕉味",14,
四级,奶酪,"其他,原味,咸味,浓芝士味,混合水果味,芒果味,草莓味,蓝莓味,香草味",9,
四级,奶酪酱,"切达奶酪味,原味,帕玛森奶酪味,烟熏味,纳乔奶酪味,蒜香味,辣味,香草味",8,
四级,婴儿湿抹巾,"无味,无香",2,
四级,婴儿辅食,"三文鱼,其他,南瓜,原味,梨,牛肉,玉米,红薯,胡萝卜,苹果,菠菜,蓝莓,豌豆,香蕉,鸡肉",15,
四级,婴儿配方奶粉,"原味,羊奶粉味,豆基配方味",3,
四级,婴儿饮料,"其他,原味,桃子味,梨味,橙子味,芒果味,苹果味,葡萄味,香蕉味",9,
四级,婴幼儿特殊医学用途配方粉,"原味,无味,水果味,香草味",4,
四级,学生奶粉,"其他,原味,巧克力味,草莓味,香草味,香蕉味",6,
四级,宠物保健品,"其他,原味,奶香味,牛肉味,鱼肉味,鸡肉味",6,
四级,宠物零食,"其他,奶香味,果蔬味,牛肉味,羊肉味,肝脏味,芝士味,蛋黄味,鱼肉味,鸡肉味,鸭肉味",11,
四级,小馒头,"其他,南瓜味,原味,椰奶味,牛奶味,胡萝卜味,苹果味,草莓味,蓝莓味,香草味,香蕉味",11,
四级,小麦面类（干制）,"其他,原味,清淡杂粮香,碱香,鸡蛋香",5,
四级,小麦面类（非干制）,"其他,咸香,碱香,酱香,酸辣,香辣,麦香,麻辣",8,
四级,山楂干,"其他,原味,甜味,蜜饯味,酸味,酸甜",6,
四级,山茶油,"其他,原味清香,坚果香,微苦回甘",4,
四级,巧克力,"什锦味,其他,咖啡味,坚果果仁味,奶香味,无糖/低糖巧克力味,水果味,牛奶味,白巧克力味,茶味,草本味,谷物味,醇甜风味,黑巧克力味",14,
四级,布丁/慕斯类（含提拉米苏）,"其他,原味,咖啡味,山竹味,巧克力味,抹茶味,提拉米苏味,柠檬味,树莓味,椰子味,椰果味,焦糖味,芒果味,草莓味,蓝莓味,香草味",16,
四级,常温火腿肠,"其他,孜然,牛肉,玉米味,蒜蓉,蘑菇味,香辣味,鸡肉味,麻辣味,黑胡椒味",10,
四级,常温纯牛奶,"其他,原味,奶香味,清淡型",4,
四级,常温酸奶,"其他,原味,燕麦味,红枣味,芒果味,草莓味,蓝莓味,香草味,黄桃味",9,
四级,干货,"原味,无调味,淡盐味",3,
四级,开心果,"五香味,其他,原味,奶油味,椒盐味,海苔味,烧烤味,盐焗味,芥末味,蒜香味,蜂蜜味,麻辣味",12,
四级,意面,"全麦味,其他,原味,墨鱼汁味,番茄味,菠菜味",6,
四级,护发精油/免洗精华,"其他,奶香,无香,木质香,柑橘香,热带果香,花果香,茶香",8,
四级,按摩油/身体精油,"其他,无香型,柑橘香,檀木香,玫瑰香,茉莉香,薄荷香,薰衣草香,迷迭香",9,
四级,料酒,"其他,原味,姜味,葱味,陈皮味",5,
四级,方便米线,"三鲜,其他,原味,泡椒,海鲜,牛肉,番茄,菌菇,藤椒,酸菜,酸辣,香辣,骨汤,鸡汤,麻辣",15,
四级,方便米饭,"其他,台式卤肉,咖喱鸡,宫保鸡丁,梅菜扣肉,泡椒牛肉,红烧牛肉,酱香排骨,香菇滑鸡,香辣牛腩,鱼香肉丝,麻婆豆腐,黑椒牛柳",13,
四级,方便面,"其他,大骨汤,日式豚骨,泡椒牛肉,海鲜,火鸡面,炸酱,番茄,番茄牛腩,红烧牛肉,老坛酸菜,葱油,葱香排骨,藤椒牛肉,酸菜牛肉,韩式辣白菜,香菇炖鸡,香辣牛肉,鲜虾鱼板,麻辣牛肉",20,
四级,月饼,"云腿,五仁,其他,冰皮,奶黄流心,巧克力,抹茶,枣泥,椰蓉,水果,紫薯,莲蓉蛋黄,豆沙,鲜肉,黑芝麻",15,
四级,杂粮,"原味,无调味,淡香,谷香,豆香",5,
四级,杂粮粉,"其他,原味,山药味,核桃味,燕麦味,玉米味,紫薯味,红枣味,红豆味,绿豆味,薏米味,黑芝麻味",12,
四级,杏仁,"五香,其他,原味,咖啡,奶油,巧克力,抹茶,椒盐,海苔,焦糖,盐焗,芝士,芥末,蜂蜜,黑糖",15,
四级,杏仁乳,"其他,原味,巧克力味,抹茶味,椰香味,甜味,香草味",7,
四级,松茸鲜,"其他,浓鲜醇厚型,菌菇清新型,零添加淡口型",4,
四级,板栗,"其他,原味,奶油味,糖炒,蜂蜜味",5,
四级,果冻,"乌龙茶味,什锦水果味,其他,凤梨味,可乐味,咖啡味,抹茶味,枇杷味,柠檬味,橘子味,橙子味,水蜜桃味,芒果味,苹果味,草莓味,荔枝味,菠萝味,葡萄味,蓝莓味,酸奶味,黄桃味",21,
四级,果汁/水果/果味饮料,"其他,冰糖雪梨味,复合水果味,柠檬味,椰子味,橙子味,水蜜桃味,热带水果味,白柚味,百香果味,芒果味,苹果味,草莓味,荔枝味,菠萝味,葡萄味,蓝莓味,蜂蜜味,西柚味,青梅味",20,
四级,果酒,"其他,半干型,半甜型,干型,甜型,苹果味",6,
四级,果酱,"其他,杏桃,柠檬,桃子,樱桃,橙子,猕猴桃,芒果,苹果,草莓,葡萄,蓝莓,覆盆子,黑加仑",14,
四级,核桃,"五香味,其他,原味,奶油味,椒盐味,炭烧味,盐焗味,蜂蜜味",8,
四级,核桃乳,"其他,原味,咖啡味,奶香味,巧克力味,抹茶味,水果味,甜味",8,
四级,核桃粉,"其他,原味,无糖,甜味,红枣味,黑芝麻味",6,
四级,梅子干,"乌梅味,其他,原味,咸甜味,桂花味,甘草味,薄荷味,蜂蜜味,话梅味,酸甜味,陈皮味",11,
四级,棒冰,"其他,柠檬味,橙子味,红豆味,绿豆味,芒果味,草莓味,葡萄味,西瓜味",9,
四级,棕榈油,"乳脂香,坚果香,极淡,棕榈果清香,椰奶香,热带果香",6,
四级,植物蛋白肠,"五香味,其他,孜然味,烧烤味,蒜香味,蘑菇味,麻辣味,黑胡椒味",8,
四级,植物饮料,"其他,原味,姜味,枣味,枸杞味,柠檬味,桑葚味,清甜,甘草味,菊花味,薄荷味,蜂蜜味",12,
四级,椰子乳,"其他,原味,咖啡味,奶香味,巧克力味,抹茶味,椰奶咖啡,椰奶巧克力,椰奶抹茶,椰奶水果风味,水果味,甜味",12,
四级,椰子粉,"其他,原味,巧克力味,无糖,椰奶味,甜味,香草味",7,
四级,榨菜,"五香味,其他,原味,咸鲜味,微辣味,泡椒味,酱香味,酸辣味,香辣味,麻辣味",10,
四级,榴莲干,"其他,原味,干尧味,猫山王味,红虾味,金枕味,青尼味,黑刺味",8,
四级,槟榔,"其他,原味,咖啡味,枸杞味,水果味,烟熏味,甜味,薄荷味,酱香味,香精味",10,
四级,橄榄油,"其他,果香,清淡",3,
四级,橄榄菜,"其他,咸香,微辣",3,
四级,气泡水,"其他,柠檬味,橙味,混合水果味,白桃味,百香果味,芒果味,苹果味,草莓味,荔枝味,菠萝味,蓝莓味,蜜桃味,西柚味,青柠味,青梅味",16,
四级,水果罐头,"什锦水果味,仁果类,其他,柑橘类,核果类,浆果类,热带水果",7,
四级,汤类罐头,"其他,冬阴功,南瓜汤,奶油蘑菇,排骨汤,海鲜汤,清汤,牛肉汤,玉米浓汤,番茄汤,罗宋,蔬菜汤,酸辣汤,鸡汤",14,
四级,沐浴露/沐浴乳,"其他,奶香型,无香型,木质香 / 古龙香,果香型,清新型,花香型",7,
四级,沙拉酱,"亚洲风味,其他,凯撒味,千岛味,原味,意式香草味,法式芥末味,烧烤味,番茄味,芝士味,芝麻味,蓝纹奶酪味,蜂蜜芥末味,酸奶油洋葱味,香甜味",15,
四级,沙琪玛,"其他,南瓜籽味,原味,奶油味,杏仁味,桂花味,椰丝味,水果味,红枣味,芝麻味,葡萄味,蔓越莓味,香酥鸡蛋味,鸡蛋味,黑糖味",15,
四级,沙茶酱,"中辣,其他,微甜,微辣,海鲜风味,经典咸鲜,花生香,蒜香",8,
四级,泡芙,"其他,咖啡,巧克力,开心果,抹茶,柠檬,椰子,榛子,焦糖,芒果,草莓,蓝莓,香草",13,
四级,泡菜/酸菜,"其他,原味,微辣,泡椒味,甜酸,蒜香,酱香,酸味,香辣,麻辣",10,
四级,洗发水,"儿童款,其他,奶香型,果香,清新型,花香,草本 / 木质",7,
四级,洗手液,"儿童款,其他,无香型,果香,清新型,花香",6,
四级,洗洁精,"其他,无香型,柑橘香,柠檬香,橙香,生姜香,绿茶香,薄荷香",8,
四级,洗衣液,"其他,无香型,木质 / 海洋,果香,清新型",5,
四级,洗衣粉,"其他,无香型,柑橘香,柠檬香,茉莉花香,薰衣草香",6,
四级,洗面奶,"其他,奶香型,无香型,清新型,男士,花香,草本",7,
四级,派/挞,"其他,南瓜味,可可味,巧克力味,抹茶味,柠檬味,榴莲味,牛肉味,紫薯味,红豆味,芝士味,苹果味,草莓味,蓝莓味,西瓜味,香蕉味,鸡肉味",17,
四级,浓汤宝,"云南松茸鸡汤口味,低脂猪骨浓汤口味,低脂老母鸡汤口味,其他,昆布味噌汤底口味,松露鸡汤口味,清鸡靓汤口味,牛肉浓汤口味,猪骨浓汤口味,番茄浓汤口味,老母鸡汤口味,菌菇靓汤口味,鲜炖老母鸡汤口味,鲜炖老火猪骨口味,鲜虾靓汤口味",15,
四级,浓缩/固体果汁,"其他,山楂味,柠檬味,橙味,水蜜桃味,混合水果味,百香果味,芒果味,苹果味,草莓味,菠萝味,葡萄味,蓝莓味,西柚味",14,
四级,海带丝,"其他,原味,泡椒味,蒜香味,酸辣味,野山椒味,香辣味,麻辣味",8,
四级,海苔类,"其他,原味,海苔本味,烧烤味,番茄味,芝士味,芝麻味,芥末味,蒜香味,辣味,酱油味",11,
四级,海藻类,"其他,原味,海盐味,烧烤味,甜辣味,芝麻味,芥末味,蒜香味,酱油味,酸辣味,香辣味",11,
四级,海鲜罐头,"其他,原味/清水,盐水,糖醋,酸甜,香辣",6,
四级,海鲜酱,"其他,咸甜,咸鲜,鲜美",4,
四级,淀粉制粉条类,"其他,海鲜味,牛肉味,蔬菜味,酸菜味,酸辣味,香辣味,鸡肉味,麻辣味",9,
四级,混合五谷粉,"其他,原味,山药味,抹茶味,核桃味,椰香味,紫薯味,红枣味,红豆薏米味,黑芝麻味",10,
四级,混合坚果/每日坚果,"其他,原味,巧克力味,椰香味,海盐味,芥末味,蜂蜜黄油味,辣味,酸奶味,黑糖味",10,
四级,混合海味类,"五香味,其他,原味,孜然味,柠檬味,泡椒味,海苔味,烧烤味,甜辣味,芥末味,蒜香味,香辣味,麻辣味,黑胡椒味",14,
四级,湿纸巾,"其他,无香,柠檬,洋甘菊,淡香,玫瑰,绿茶,芦荟,薄荷,薰衣草",10,
四级,漱口水,"其他,无味,柠檬味,水果味,绿茶味,草本味,薄荷味",7,
四级,火锅丸料,"五香味,其他,原味,孜然,海鲜味,玉米味,香辣,麻辣,黑椒",9,
四级,火锅底料,"三鲜,其他,咖喱,海鲜味,清汤,牛油,番茄味,菌汤,藤椒,酸汤,酸菜味,香辣味,骨汤,麻辣味",14,
四级,炼奶,"其他,原味,巧克力味,焦糖味,草莓味,香草味",6,
四级,烘焙粉,"其他,原味,巧克力味,抹茶味,柠檬味,牛奶味,芝士味,草莓味,香草味",9,
四级,烘焙馅料,"其他,原味,咖啡味,巧克力味,抹茶味,柠檬味,榴莲味,焦糖味,牛奶味,红豆味,芒果味,芝士味,草莓味,蓝莓味,香草味",15,
四级,烤馍片,"五香味,其他,原味,咖喱味,孜然味,椒盐味,海苔味,烧烤味,牛肉味,番茄味,香辣味,鸡肉味,麻辣味",13,
四级,烧烤酱,"中辣,其他,原味,微辣,新奥尔良,烟熏味,特辣,甜辣,甜辣味,蒜香味,蜜汁味,黑胡椒味",12,
四级,熟食肉制品,"五香味,其他,原味,咖喱味,孜然味,泡椒味,烧烤味,蒜香味,蜜汁味,酱香味,香辣味,麻辣味,黑椒味",13,
四级,燕麦乳,"其他,原味,咖啡味,坚果味,巧克力味,微甜,无糖,燕麦谷物香",8,
四级,爆米花,"其他,原味,奶油味,巧克力味,抹茶味,椰香味,海盐味,焦糖味,芝士味,草莓味,黄油味",11,
四级,爽身粉/痱子粉,"其他,婴儿奶香,无味,淡花香,草本香,薄荷香",6,
四级,牙刷,"其他,无香型,淡淡果香,薄荷清香",4,
四级,牙膏,"中草药,其他,柠檬味,橙子味,水果味,水蜜桃味,海盐味,牛奶味,竹炭味,草莓味,蓝莓味,薄荷味",12,
四级,牛肉制品小食,"五香味,其他,原味,咖喱味,孜然味,沙嗲味,烧烤味,芝麻味,蜜汁味,香辣味,鲜香味,麻辣味,黑胡椒味",13,
四级,牛肉酱,"五香,其他,剁椒,原味,咖喱,孜然,泡椒,番茄,笋丁,红烧,芝麻,花生,芹菜,菌菇,蒜蓉,藤椒,豆豉,酸菜,香菇,香辣,麻辣,黑椒",22,
四级,特殊医学配方奶粉,"其他,原味,巧克力味,香草味",4,
四级,狗粮,"三文鱼味,其他,果蔬味,牛肉味,羊肉味,鱼肉味,鸡肉味,鸭肉味,鹿肉味",9,
四级,猪肉制品小食,"五香味,其他,原味,孜然味,沙嗲味,炭烧味,烧烤味,芝麻味,蒜香味,蜜汁味,香辣味,麻辣味,黑胡椒味",13,
四级,猫粮,"三文鱼味,其他,牛肉味,羊肉味,金枪鱼味,鱼肉味,鸡肉味,鸭肉味,鹿肉味",9,
四级,玉米油,"其他,浓香型,清香,精炼型",4,
四级,瓜子,"五香味,其他,原味,多味,奶油味,椒盐,焦糖味,盐焗味,绿茶味,蜂蜜,陈皮味,麻辣香辣",12,
四级,甜甜圈,"其他,原味糖霜,奶油夹心,巧克力,抹茶,果酱夹心,枫糖,柠檬糖霜,焦糖,肉桂糖,花生酱,草莓糖衣,蓝莓糖霜,香草糖霜",14,
四级,甜面酱,"其他,原味,咸甜,微甜,酱香,醇厚,鲜香",7,
四级,电子烟,"其他,柠檬,椰子,橙子,水果混合,经典烟草,芒果,草莓,葡萄,蓝莓,薄荷,西瓜,青苹果,香蕉",14,
四级,番茄酱,"其他,原味,微辣,烟熏,甜味,蒜香味,酸甜,香草味",8,
四级,益生菌,"其他,原味,无糖,橙子味,水果味,胡萝卜味,酸奶味",7,
四级,盐,"其他,原味,海盐风味,烟熏风味",4,
四级,硬糖,"其他,咖啡味,复合风味,巧克力味,水果味,牛奶味,薄荷味",7,
四级,碳酸饮料,"其他,凤梨味,可乐味,姜味,柠檬味,树莓味,橙子味,水蜜桃味,白柚青竹味,芒果味,苹果味,草莓味,荔枝味,菠萝味,葡萄味,薄荷味,西柚味,青柠味,香草味",19,
四级,空气清新剂,"其他,柑橘香,柠檬香,森林香,檀香,水果香,海洋香,清新花香,玫瑰香,绿茶香,茉莉香,薄荷香,薰衣草香",13,
四级,笋类,"五香味,其他,原味,山椒味,泡椒味,蒜香味,藤椒味,酱香味,酸辣味,香辣味,麻辣味",11,
四级,米,"其他,原味,清香,软糯,黏糯",5,
四级,米制粉类,"其他,咸香,碱香,酱香,酸辣,香辣,麦香,麻辣",8,
四级,米糊,"三文鱼味,其他,南瓜味,原味,混合蔬菜味,牛肉味,猪肝味,胡萝卜味,菠菜味,酱香味",10,
四级,米通麦通米果卷,"其他,原味,巧克力味,海苔味,芝麻味,花生味,黑糖味",7,
四级,米露饮料,"其他,原味,姜汁味,杏仁味,桂花味,椰奶味,玉米味,甜味,红豆味,绿豆味,蜂蜜味,黑米味",12,
四级,粟米膨化,"其他,冰淇淋味,原味,咖喱味,奶油味,海苔味,烧烤味,玉米味,番茄味,芝士味,芥末味,草莓味,蒜香味,蜂蜜味,香辣味",15,
四级,糯米粉,"其他,南瓜味糯米粉,原味糯米粉,可可味糯米粉,抹茶味糯米粉,玉米味糯米粉,紫薯味糯米粉,红枣味糯米粉,红糖味糯米粉,艾草味糯米粉,草莓味糯米粉,菠菜味糯米粉,黑芝麻味糯米粉",13,
四级,红枣干,"其他,原味,姜味,枸杞味,桂圆味,蜜饯味,阿胶味",7,
四级,红薯干,"其他,原味,紫薯味,芝麻味,蜂蜜味,香辣味,黑糖味",7,
四级,纯羊奶,"其他,原味,无膻味,清淡",4,
四级,维生素,"其他,无味,柠檬味,椰子味,橙子味,水蜜桃味,沁爽青草味,热带水果味,红提味,苹果味,草莓味,菠萝味,葡萄味,蓝莓味,薄荷味,酸奶味,青柠味",17,
四级,老婆饼,"其他,冬瓜蓉味,椰蓉味,甜味,芝麻味,莲蓉味,豆沙味",7,
四级,肉松,"五香味,其他,原味,海苔味,芝麻味,葱香味,香辣味",7,
四级,肉松饼,"其他,原味,咸甜味,海苔味,芝麻味,葱香味,香辣味",7,
四级,肉罐头,"五香味,其他,原味,咖喱味,红烧味,香辣味,麻辣味,黑椒味",8,
四级,肉酱,"其他,微辣味,红酒味,经典番茄肉酱味,芝士味,蘑菇味,香草味,黑胡椒味",8,
四级,胶基糖果,"其他,哈密瓜味,巧克力味,柠檬味,橙子味,混合水果味,牛奶味,芒果味,草莓味,葡萄味,薄荷味,西瓜味,酸奶味",13,
四级,能量饮料,"其他,原味,柠檬味,橙子味,水蜜桃味,热带水果味,番石榴味,百香果味,苹果味,菠萝味,葡萄味,蓝莓味,西柚味,青瓜味",14,
四级,腊肠腊肉腊鱼,"五香味,其他,咸香味,广式味,烟熏味,麻辣味",6,
四级,腐乳/豆腐乳,"五香腐乳,其他,玫瑰腐乳,甜辣腐乳,白腐乳,糟方腐乳,红腐乳,蒜香腐乳,青腐乳,香辣腐乳,麻辣腐乳",11,
四级,腰果,"五香,其他,原味,奶油味,巧克力味,椰香,海苔味,炭烧,盐焗,芥末,蒜香,蜂蜜味,香辣",13,
四级,自热火锅,"三鲜,其他,咖喱,海鲜,清油麻辣,番茄,菌汤,藤椒,酸菜,酸辣,香辣,骨汤,麻辣牛油",13,
四级,自热米饭,"其他,咖喱鸡肉,回锅肉,宫保鸡丁,梅菜扣肉,番茄牛腩,红烧牛肉,香菇滑鸡,鱼香肉丝,麻辣牛肉,黑椒牛柳",11,
四级,芒果干,"其他,原味,椰香味,甜味,盐渍味,蜂蜜味,酸甜味",7,
四级,芝麻及芝麻香油,"其他,浓郁芝麻香,清香,醇香",4,
四级,芝麻糊,"其他,坚果味,山药味,无糖,杏仁味,核桃味,椰子味,红枣味,花生味,黑芝麻味",10,
四级,芝麻酱,"五香味,其他,原味,椒麻味,蒜香味,香辣味",6,
四级,花椒及花椒油,"中麻,其他,微麻,椒香,椒麻,清香,特麻,麻辣",8,
四级,花生,"五香,其他,原味,奶油,海苔,烧烤,焦糖,盐焗,芥末,蒜香,蜂蜜,麻辣",12,
四级,花生乳,"低糖,其他,原味,无糖,甜味",5,
四级,花生油,"其他,原味,土榨风味,浓香花生味,特香,纯香,轻度焙烤香",7,
四级,花生酱,"其他,减糖花生酱,原味花生酱,巧克力花生酱,幼滑花生酱,无盐花生酱,无糖花生酱,海盐花生酱,甜味花生酱,蜂蜜花生酱,颗粒花生酱,香脆花生酱,高蛋白花生酱",13,
四级,苏打水,"其他,原味,柠檬味,樱花味,玫瑰味,甜味,茉莉味,荔枝味,葡萄味,薄荷味,蜜桃味,西柚味,青柠味,黄瓜味",14,
四级,菌菇酱,"五香,其他,原味,微辣,蒜香,酱香,香辣,麻辣",8,
四级,菜籽油,"低芥酸,其他,浓香型,清淡型",4,
四级,菜谱式复合调味品,"其他,咖喱味,小龙虾味,番茄味,糖醋味,菌菇味,蒜香味,藤椒味,酱香味,酸菜味,酸辣味,香辣味,鱼香味,麻辣味,黑椒味",15,
四级,萝卜,"五香,其他,咸,泡椒,甜,糖醋,蒜香,辣,酱香,酸辣,鲜香,麻辣",12,
四级,营养素/维生素饮料,"其他,原味,柠檬味,橙子味,水蜜桃味,混合水果味,缤纷莓果味,苹果味,荔枝味,蓝莓味,西柚味,青柠味",12,
四级,葡萄干,"其他,原味,甜味,酸甜味",4,
四级,葡萄酒/红酒,"其他,干型,桃红,甜型,白葡萄酒,红葡萄酒",6,
四级,葵花籽油,"其他,原味,清香",3,
四级,薯片/薯条,"其他,原味,日式牛排味,泡菜味,海苔味,烧烤味,爽口青瓜味,玉米浓汤味,番茄味,芝士味,芥末味,西式红烩味,酸奶油洋葱味,铁板鱿鱼味,青柠味,香辣味,鸡肉味,麻辣味,麻辣小龙虾味,黄瓜味,黑胡椒味",21,
四级,藕粉,"其他,冰糖味,原味,坚果味,桂花味,水果味,红枣味,蜂蜜味",8,
四级,蘸料,"五香,原味,孜然,微辣,沙茶,海鲜,腐乳,芝麻,花生,蒜蓉,藤椒,韭花,香葱,香辣,麻辣",15,
四级,虾条/虾片,"其他,原味,咖喱味,海苔味,烧烤味,番茄味,芝士味,蒜香味,蟹味,辣味,香辣味,鲜虾味",12,
四级,虾油,"其他,原味,咸鲜味,浓郁虾味,淡盐味",5,
四级,虾类,"其他,原味,咖喱,柠檬,椒盐,海苔,烧烤,芥末,蒜香,辣味,黑胡椒",11,
四级,蚕豆/兰花豆,"五香味,其他,原味,椒盐味,海苔味,烤肉味,烧烤味,牛肉味,葱香味,蒜香味,蟹黄味,香辣味,麻辣味",13,
四级,蚝油,"其他,咸鲜,复合风味,海鲜味,蚝香",5,
四级,蛋卷,"原味,咸蛋黄味,山楂味,巧克力味,抹茶味,杏仁味,椰丝味,海苔味,肉松味,芝麻味,花生味,香兰味,香葱味,黄油味",14,
四级,蛋白粉,"其他,原味,咖啡味,巧克力味,抹茶味,椰子味,芒果味,草莓味,蓝莓味,香草味,香蕉味",11,
四级,蛋黄酥,"其他,原味,抹茶红豆味,榴莲味,紫薯蛋黄味,红豆沙蛋黄味,芝士流心味,莲蓉蛋黄味",8,
四级,蜂蜜,"其他,原味,枣花味,枸杞味,柠檬味,桂花味,椴树花味,槐花味,洋槐味,荔枝味",10,
四级,蜂蜜制品,"其他,原味,姜味,枣花味,枸杞味,柠檬味,桂花味,玫瑰味,荔枝味,菊花味",10,
四级,蜂蜜饮料,"其他,原味,杏仁味,柚子味,桂花味,椰奶味,玉米味,甜味,红豆味,绿豆味,黑米味",11,
四级,螺蛳粉,"其他,原味,藤椒味,酸辣味,香辣味,麻辣味",6,
四级,蟹类,"五香味,其他,原味,咸蛋黄味,奶油味,烧烤味,蒜香味,蟹黄味,香辣味,麻辣味,黑椒味",11,
四级,衣物柔顺剂,"其他,无香型,果香,海洋香,清新花香,薰衣草香,阳光香",7,
四级,袋泡茶,"乌龙茶味,其他,柠檬味,桂花味,玫瑰味,生姜味,红茶味,绿茶味,茉莉花味,菊花味,薄荷味,蜜桃味,陈皮味",13,
四级,西式小蛋糕,"其他,原味,坚果与谷物风味类,复合风味,奶油味,水果味",6,
四级,调和油,"其他,原味,浓香型,清香,营养风味型",5,
四级,谷物早餐,"其他,原味,可可味,坚果味,奶香,巧克力味,水果味,焦糖味,蜂蜜味",9,
四级,豆奶,"五谷杂粮,低糖,其他,原味,无糖,杏仁味,核桃味,椰香味,红枣味,高钙,黑芝麻味",11,
四级,豆奶粉/豆浆粉,"其他,原味,巧克力味,核桃味,红枣味,香草味,麦香味",7,
四级,豆瓣酱,"其他,原味,微辣,蒜香味,豆豉香,香辣味,鲜辣,麻辣味",8,
四级,豆豉,"其他,咸鲜味,蒜香味,酱香味,香辣味",5,
四级,豇豆,"五香味,其他,原味,咸酸味,微辣,泡椒味,蒜香味,酱香味,酸辣味,香辣味,麻辣味",11,
四级,豌豆/青豆,"五香味,其他,原味,咖喱味,孜然味,椒盐味,海苔味,烤肉味,番茄味,芝士味,芥末味,蒜香味,香辣味,麻辣味",14,
四级,身体乳/身体霜,"其他,奶香型,无香型,木质香/古龙香,果香型,清新型,花香型",7,
四级,身体磨砂/去角质,"奶香型,无香型,木质香型,果香型,海洋香型,花香型,草本香型",7,
四级,软糖,"其他,巧克力味,橙子味,水蜜桃味,混合水果味,牛奶味,芒果味,草莓味,菠萝味,葡萄味,蓝莓味,酸奶味",12,
四级,辣条,"五香味,其他,孜然味,泡椒味,烧烤味,甜辣味,蒜香味,藤椒味,酸豆角味,酸辣味,香辣味,麦辣鸡汁味,麻辣味,黑鸭味",14,
四级,辣椒酱,"其他,剁椒,咸辣,泡椒味,甜辣味,蒜香味,豆豉,酱香味,酸辣,香辣味,鲜辣,麻辣味",12,
四级,运动饮料,"其他,原味,柠檬味,柠蜜味,椰子味,橙子味,橙蜜味,水蜜桃味,海盐味,白桃味,苹果味,草莓味,葡萄味,西柚味,西瓜味,青柠味",16,
四级,进口烈酒,"伏特加香型,其他,可可香型,咖啡香型,威士忌香型,朗姆香型,果干香型,柑橘香型,橡木香型,泥煤香型,清爽型,烟熏香型,焦糖香型,白兰地香型,花果香型,草本香型,辛辣型,醇厚型,金酒香型,香料香型,香草香型,龙舌兰香型",22,
四级,速冻包子,"三鲜,其他,奶黄,梅干菜肉,牛肉,猪肉大葱,猪肉白菜,豆沙,酱肉,青菜香菇,韭菜鸡蛋",11,
四级,速冻披萨,"其他,双层芝士披萨,培根披萨,夏威夷披萨,奥尔良烤鸡披萨,意式香肠披萨,榴莲披萨,水果披萨,法式牛肉披萨,海鲜披萨,烧烤风味披萨,玛格丽特披萨,经典至尊披萨,美式培根香肠披萨,芝士拉丝披萨,蔬菜披萨,金枪鱼披萨,香肠披萨,香辣牛肉披萨,鸡肉蘑菇披萨,黑椒牛肉披萨",21,
四级,速冻水产/调理水产,"五香,原味,咸鲜,孜然,糖醋,蒜香,藤椒,香辣,麻辣,黑椒",10,
四级,速冻汤圆,"其他,原味,奶黄味,核桃味,水果味,流心,紫薯,红枣味,芋泥,花生味,豆沙,黑芝麻味",12,
四级,速冻点心,"三鲜味,其他,原味,叉烧味,奶黄味,榴莲味,玉米味,芝麻味,虾仁味,豆沙味,韭菜味,香菇味,鲜肉味",13,
四级,速冻牛肉/调理牛肉,"五香,原味,咖喱味,奥尔良味,孜然味,照烧味,番茄味,蒜香味,藤椒味,蜜汁味,香辣味,黑椒味",12,
四级,速冻牛肉卷,"其他,原味,奥尔良味,香辣味,黑椒味",5,
四级,速冻猪肉/调理猪肉,"五香,原味,咖喱味,奥尔良味,孜然味,椒盐味,照烧味,蒜香味,藤椒味,蜜汁味,香辣味,黑椒味",12,
四级,速冻粽子,"八宝,其他,板栗,桂花,水果,紫薯,腊肉,蛋黄,蜜枣,豆沙,香菇鸡肉,鲜肉",12,
四级,速冻羊肉/调理羊肉,"五香,其他,原味,咖喱味,奥尔良味,孜然味,椒盐味,照烧味,蒜香味,藤椒味,蜜汁味,香辣味,黑椒味",13,
四级,速冻羊肉卷,"其他,原味,孜然味,香辣味,黑椒味",5,
四级,速冻肠,"其他,原味,孜然,烟熏,玉米,蒜香,蜜汁,香辣,麻辣,黑椒",10,
四级,速冻花卷,"其他,原味,椒盐味,芝麻味,葱香味",5,
四级,速冻蔬果,"什锦风味,原味,无调味,淡盐味,香甜味",5,
四级,速冻饺子,"三鲜,其他,牛肉大葱,猪肉玉米,猪肉白菜,猪肉荠菜,猪肉韭菜,猪肉香菇,素三鲜,羊肉大葱,蔬菜",11,
四级,速冻馄饨/云吞,"三鲜,其他,玉米鲜肉,素馅,荠菜鲜肉,虾仁鲜肉,韭菜鲜肉,香菇鸡肉,鲜肉",9,
四级,速冻馒头,"其他,南瓜,原味,奶香,杂粮,玉米,紫薯,红糖,荞麦",9,
四级,速冻鸡肉/调理鸡肉,"原味,咖喱味,奥尔良味,孜然味,椒盐味,照烧味,番茄味,蒜香味,藤椒味,蜜汁味,香辣味,黑椒味",12,
四级,速食汤羹,"其他,排骨,海鲜,牛肉,猪骨,番茄,菌菇,蔬菜,酸辣,鸡肉",10,
四级,速食粥,"八宝,其他,海鲜味,牛肉,玉米味,甜粥,皮蛋瘦肉,紫薯,红豆,蔬菜,香菇滑鸡",11,
四级,避孕用品,"其他,奶香型,无香型,果香型,花香型,薄荷清凉型",6,
四级,配制型含乳饮料,"其他,原味,咖啡味,哈密瓜味,巧克力味,抹茶味,杏子味,杨梅味,柚子味,椰子味,水蜜桃味,芒果味,草莓味,荔枝味,蓝莓味,香草味,香蕉味",17,
四级,酥糖,"其他,原味,杏仁味,核桃味,桂花味,椒盐味,椰香味,玫瑰味,芝麻味,花生味,黑芝麻味",11,
四级,酱油,"其他,咸鲜,微甜,松茸,海鲜味,焦香,酯香,酱香味,醇厚",9,
四级,酱黄瓜,"五香,其他,咸鲜,微甜,蒜香,酱香,香辣",7,
四级,酸梅粉,"乌梅原味,其他,冰糖味,山楂味,桂花味,甘草味,盐渍味,经典酸甜味,陈皮味",9,
四级,酸辣粉,"其他,加麻加辣,干拌,酸辣味",4,
四级,醋饮料,"其他,原味,复合莓果味,姜味,山楂味,柠檬味,桂花味,水蜜桃味,红枣味,苹果味,葡萄味,蓝莓味,蜂蜜味",13,
四级,醪糟,"其他,原味,枸杞味,桂花味,红枣味",5,
四级,金针菇,"五香味,其他,原味,泡椒味,糖醋味,蒜香味,酸辣味,香辣味,麻辣味",9,
四级,钙,"其他,原味,柠檬味,橙味,牛奶味,草莓味",6,
四级,锅巴,"五香味,其他,原味,孜然味,椒盐味,椒香味,海苔味,烧烤味,牛排味,牛肉味,番茄味,蟹黄味,酱香味,香甜味,香葱味,香辣味,麻辣味",17,
四级,防潮/除臭/芳香用品,"其他,无香型,木质香,柑橘香,柠檬香,桂花香,海洋香,玫瑰香,绿茶香,茉莉香,薄荷香,薰衣草香",12,
四级,雪糕/冰淇淋,"其他,原味,巧克力味,抹茶味,榴莲味,海盐味,混合口味,白桃味,芒果味,芝士味,草莓味,蓝莓味,香草味",13,
四级,雪茄,"其他,可可,咖啡,坚果,奶油,木香,果香,泥土,皮革,胡椒,花香,蜂蜜,香料",13,
四级,雪菜,"其他,原味,咸鲜,微辣,微酸,香辣",6,
四级,雪饼/米饼,"其他,原味,奶油味,巧克力味,抹茶味,海苔味,甜味,芝麻味,花生味,草莓味,黑米味",11,
四级,露酒,"其他,坚果香型,复合花果型,复合草本型,奶香型,姜香型,果香型,枣香型,枸杞型,桂花型,植物香型,浓醇型,清爽型,玫瑰型,竹香型,花香型,草本型,药香型,薄荷型,陈皮型",20,
四级,面包,"其他,原味,特色风味类,调味风味类,馅料风味类",5,
四级,面粉,"全麦风味,其他,原味,富硒,无添加,有机,黑麦风味",7,
四级,面纸巾,"无香型,淡香",2,
四级,预制菜,"其他,咸鲜味,家常味,海鲜味,清淡味,烧烤味,糖醋味,酱香味,酸辣味,麻辣味",10,
四级,风味牛奶,"其他,原味,巧克力味,核桃味,燕麦味,红枣味,花生味,草莓味,香草味,香蕉味,麦香",11,
四级,食糖,"其他,原味,甜味",3,
四级,饮料组合装,"乳饮口味,功能饮料口味,果汁口味,碳酸饮料口味,茶饮口味",5,
四级,饼干,"其他,原味,坚果味,巧克力味,抹茶味,柠檬味,榴莲味,水蜜桃味,海苔味,燕麦味,牛奶味,白桃乌龙味,红丝绒味,芝士味,芝士蛋糕味,芝麻味,花生味,草莓味,蛋黄味,青柠味,香葱味,黑加仑味",22,
四级,香烟,"其他,咖啡味,坚果味,巧克力味,水果味,混合型,烤烟型,爆珠薄荷,茶香味,薄荷味,蜂蜜味,酒香型,香草味",13,
四级,香蕉干,"其他,原味,巧克力味,椰香味,焦糖味,甜味,蜂蜜味,酸奶味",8,
四级,驱蚊喷雾/乳液/液/膏,"其他,无香,果香,清香,花香,草本香,薄荷香",7,
四级,魔芋爽,"五香味,其他,卤香味,孜然味,泡椒味,烧烤味,番茄味,藤椒味,酸辣味,香辣味,麻辣味",11,
四级,鱼类,"五香味,其他,原味,孜然味,烧烤味,甜辣味,芥末味,蒜香味,蜜汁味,香辣味,黑椒味",11,
四级,鱼糜肠,"其他,原味,海鲜味,烧烤味,玉米味,芝士味,蒜香味,香辣味",8,
四级,鱼露,"原味,咸鲜味,海鲜味,淡盐味,蒜香味,辣味",6,
四级,鱿鱼/章鱼/墨鱼类,"五香味,其他,原味,孜然味,柠檬味,海苔味,烧烤味,甜辣味,芥末味,蒜香味,蜜汁味,香辣味,鲜辣味,麻辣味,黑胡椒味",15,
四级,鸡精,"其他,原味,清淡鲜香型,高鲜浓香型,鲜咸基础型",5,
四级,鸡肉制品小食,"五香味,其他,原味,咖喱味,奥尔良味,孜然味,烧烤味,蒜香味,蜜汁味,香辣味,麻辣味,黑胡椒味",12,
四级,鸭肉制品小食,"五香味,其他,原味,孜然味,烧烤味,藤椒味,蜜汁味,酱香味,香辣味,麻辣味,黑椒味",11,
四级,麦乳精,"低糖味,其他,原味,可可味,奶香味,巧克力味,麦香味",7,
四级,麦片,"其他,原味,坚果味,奶香味,巧克力味,抹茶味,椰香味,水果味,红枣味,蜂蜜味,酸奶味",11,
四级,麻花,"五香,什锦味,其他,咸,奶香,巧克力,椒盐,椰蓉,海苔,甜,红糖,芝麻,花生,葱油,蜂蜜,豆沙,酸奶味",17,
四级,黄油,"其他,加盐,发酵,微咸,无盐,淡味",6,
四级,黄豆酱,"其他,咸香,甜咸,豉香,香辣味",5,
四级,黄酒/米酒,"其他,原味,姜汁味,果味,桂花味,浓醇型,清爽型,焦香型,玫瑰味,红枣枸杞味,花香型,草本型",12,
四级,龟苓膏,"其他,原味,椰奶味,炼乳味,红豆味,罗汉果味,芒果味,草莓味,蜂蜜味,金银花味",10,
三级,个人护理套装/组合装,"奶香型,无味型,木质香型,果香型,清香型,花香型,草本香型,薄荷香型",8,中间层
三级,中国白酒,"其他,兼香,凤香,浓香,清香,米香,芝麻香,药香,酱香",9,中间层
三级,中式粉面,"其他,卤香味,原味,咸香,海鲜味,清淡杂粮香,牛肉味,番茄味,碱香,菌菇味,葱香味,蔬菜味,酱香,酸菜味,酸辣,酸辣味,香辣,香辣味,鸡肉味,鸡蛋香,麦香,麻辣,麻辣味,麻酱味",24,中间层
三级,中式糕点,"云腿,五仁,五香,五香味,什锦味,其他,冬瓜蓉味,冰皮,南瓜籽味,原味,咸,咸味,咸甜味,咸蛋黄味,土凤梨味,奶油味,奶香,奶香味,奶黄流心,山楂味,巧克力,巧克力味,抹茶,抹茶味,抹茶红豆味,杏仁味,枣泥,枣泥味,桂花味,椒盐,椒盐味,椰丝味,椰蓉,椰蓉味,椰香凤梨味,榴莲味,水果,水果味,海苔,海苔味,甜,甜味,紫薯,紫薯蛋黄味,红枣味,红糖,红豆味,红豆沙蛋黄味,绿豆味,肉松味,芝士流心味,芝麻,芝麻味,花生,花生味,莲蓉味,莲蓉蛋黄,莲蓉蛋黄味,葡萄味,葱油,葱香味,蔓越莓凤梨味,蔓越莓味,蛋黄味,蜂蜜,豆沙,豆沙味,酸奶味,香兰味,香葱味,香辣味,香酥鸡蛋味,鲜肉,鸡蛋味,黄油味,黑糖味,黑芝麻",77,中间层
三级,中式调味酱,"中辣,五香,五香味,五香腐乳,其他,减糖花生酱,剁椒,原味,原味花生酱,咖喱,咸甜,咸辣,咸香,咸鲜,孜然,巧克力花生酱,幼滑花生酱,微甜,微辣,无盐花生酱,无糖花生酱,椒麻味,泡椒,泡椒味,海盐花生酱,海鲜,海鲜风味,牛肉,玫瑰腐乳,甜味花生酱,甜咸,甜辣味,甜辣腐乳,番茄,白腐乳,笋丁,糟方腐乳,红烧,红腐乳,经典咸鲜,芝麻,花生,花生香,芹菜,菌菇,蒜蓉,蒜香,蒜香味,蒜香腐乳,藤椒,蜂蜜花生酱,豆豉,豆豉香,豉香,酱香,酱香味,酸甜,酸菜,酸辣,醇厚,青腐乳,颗粒花生酱,香脆花生酱,香菇,香辣,香辣味,香辣腐乳,高蛋白花生酱,鲜美,鲜辣,鲜香,麻辣,麻辣味,麻辣腐乳,黑椒",75,中间层
三级,亚洲传统饮料,"其他,原味,奶香味,姜味,抹茶味,枣味,枸杞味,柚子味,柠檬味,桂花味,桑葚味,椰子味,椰香,水果味,清甜,玫瑰味,甘草味,甘蔗味,米香味,红豆味,罗汉果味,芒果味,草莓味,菊花味,葡萄味,薄荷味,蜂蜜味,香茅味",28,中间层
三级,休闲零食组合装/大礼包,"五香味,咸味,奶香味,果味,混合口味,烧烤味,甜味,香辣味",8,中间层
三级,其他保健品,"其他,原味,柠檬味,橙子味,芒果味,苹果味,草莓味,蓝莓味,薄荷味,蜂蜜味,西柚味",11,中间层
三级,冰品,"其他,原味,巧克力味,抹茶味,柠檬味,榴莲味,橙子味,海盐味,混合口味,白桃味,红豆味,绿豆味,芒果味,芝士味,草莓味,葡萄味,蓝莓味,西瓜味,香草味",19,中间层
三级,冲泡凉茶,"其他,夏枯草味,柠檬草味,玫瑰花味,甘草味,菊花味,薄荷味,金银花味,陈皮味",9,中间层
三级,冲泡咖啡,"其他,巧克力,拿铁,椰香,榛果,沁风桃桃味,清新茉莉味,焙烤椰子味,焦糖,白桃味,美式,香草",12,中间层
三级,冲泡奶茶,"其他,原味,咖啡味,巧克力味,抹茶味,椰果味,港式丝袜,珍珠奶茶味,草莓味,阿萨姆,香芋味",11,中间层
三级,冲泡茶,"其他,原味,柠檬味,桂花味,玫瑰味,茉莉花味,薄荷味,蜜桃味,陈皮味",9,中间层
三级,冲饮果汁/粉,"乌梅原味,仙人掌果味,其他,冰糖味,原味,复合果蔬味,姜黄味,山楂味,巧克力味,柠檬味,桂花味,桃子味,椰奶味,橙子味,水蜜桃味,混合水果味,玫瑰茄味,甘草味,甜味,番石榴味,百香果味,盐渍味,经典酸甜味,芒果味,苹果味,草莓味,葡萄味,蓝莓味,西柚味,陈皮味,香草味",32,中间层
三级,冲饮谷物,"三文鱼味,五谷香,其他,冰糖味,南瓜味,原味,可可味,咖啡味,坚果味,奶茶味,奶香,奶香味,山药味,巧克力味,抹茶味,杏仁味,核桃味,桂花味,椰子味,椰香味,水果味,混合蔬菜味,焦糖味,牛奶味,牛肉味,猪肝味,甜味,紫薯味,红枣味,红豆味,红豆薏米味,胡萝卜味,芒果味,花生味,草本味,草莓味,菠菜味,蓝莓味,蜂蜜味,酱香味,酸奶味,香草味,香蕉味,麦香味,黑芝麻味",46,中间层
三级,冷藏即食/熟食,"五香,其他,原味,台式风味,咸香,培根味,天啦,奥尔良味,奥尔良风味,奶油,奶香,巧克力,微酸味,抹茶,椒盐味,水果夹心,海鲜味,淡咸味,淡甜味,清甜味,清苦味,清香味,烟熏味,牛肉味,猪肉味,玉米味,甘苦味,甜味,番茄味,红油,肉松,芋泥,芝士味,芦苇,芳香味,菌菇味,蒜香味,蔬菜味,藤椒,蘑菇味,辛辣味,酱香,酸味,酸甜味,香葱味,香辣味,鲜爽味,鸡肉味,麻辣,麻辣味,黑椒味,黑胡椒味",52,中间层
三级,功能饮料,"其他,原味,柠檬味,柠蜜味,桃子味,椰子味,橙子味,橙蜜味,水蜜桃味,海盐味,混合水果味,热带水果味,番石榴味,白桃味,百香果味,缤纷莓果味,芒果味,苹果味,草莓味,荔枝味,菠萝味,葡萄味,蓝莓味,薄荷味,西柚味,西瓜味,青柠味,青瓜味",28,中间层
三级,包装水,"其他,原味,植物风味,水果味,电解质味",6,中间层
三级,包装食用糖,"其他,原味,柠檬味,桂花味,椰子味,焦糖味,玫瑰味,红糖味,蜂蜜味,香草味,黑糖味",11,中间层
三级,卤蛋,"五香味,其他,原味,咸鲜味,泡椒味,茶香味,蒜香味,蜜汁味,酱香味,香辣味,麻辣味",11,中间层
三级,即溶咖啡,"三合一,二合一,其他,摩卡,榛果,沁风桃桃味,清新茉莉味,焙烤椰子味,焦糖,白桃味,纯黑,香草",12,中间层
三级,即食蔬菜零食,"其他,原味,海盐味,烧烤味,番茄味,芝士味,黑松露味",7,中间层
三级,即饮咖啡,"其他,原味,抹茶,拿铁,摩卡,椰香,榛果,焦糖玛奇朵,香草",9,中间层
三级,即饮果汁,"其他,冰糖雪梨味,复合水果味,杨梅味,柠檬味,梨味,椰子味,樱桃味,橙子味,水蜜桃味,热带水果味,猕猴桃味,番石榴味,白柚味,白桃味,百香果味,红石榴味,芒果味,苹果味,草莓味,荔枝味,菠萝味,葡萄味,蓝莓味,蜂蜜味,西柚味,西瓜味,青提味,青梅味",29,中间层
三级,即饮果蔬汁,"其他,橙胡萝卜汁,混合蔬菜汁,番茄苹果汁,纯甜菜根汁,纯番茄汁,纯羽衣甘蓝汁,纯胡萝卜汁,纯西芹汁,芒果胡萝卜汁,苹果甜菜根汁,苹果羽衣甘蓝汁,苹果胡萝卜汁,苹果菠菜汁,苹果西芹汁,菠萝羽衣甘蓝汁",16,中间层
三级,即饮预调酒,"乌龙茶/红茶味,乳酸菌味,其他,可乐味,柠檬味,混合水果味,白桃味,芒果味,荔枝味,葡萄味,薄荷味,西柚味",12,中间层
三级,口腔护理,"中草药,其他,无味,无香型,柠檬味,橙子味,水果味,水蜜桃味,海盐味,淡淡果香,牛奶味,竹炭味,绿茶味,草本味,草莓味,蓝莓味,薄荷味,薄荷清香,蜂蜜味",19,中间层
三级,含乳饮料,"其他,原味,咖啡味,哈密瓜味,巧克力味,抹茶味,杏子味,杨梅味,柚子味,柠檬味,椰子味,橙子味,水蜜桃味,油柑双柚味,混合莓果味,芒果味,草莓味,荔枝味,菠萝味,葡萄味,蓝莓味,蜂蜜味,青柠味,香草味,香蕉味",25,中间层
三级,啤酒,"其他,微苦,果香,淡爽,清爽,甘甜,醇厚,顺滑,麦香",9,中间层
三级,坚果炒货,"五香,五香味,其他,原味,咖啡,咖喱味,多味,奶油,奶油味,孜然味,巧克力,巧克力味,抹茶,椒盐,椒盐味,椰香,椰香味,海盐味,海苔,海苔味,炭烧,炭烧味,烤肉味,烧烤,烧烤味,焦糖,焦糖味,牛肉味,番茄味,盐焗,盐焗味,糖炒,绿茶味,芝士,芝士味,芥末,芥末味,葱香味,蒜香,蒜香味,蜂蜜,蜂蜜味,蜂蜜黄油味,蟹黄味,辣味,酸奶味,陈皮味,香辣,香辣味,麻辣,麻辣味,麻辣香辣,黑糖,黑糖味",54,中间层
三级,基础单一调味品,"中辣,五香味,八角味,其他,原味,姜味,孜然味,微辣,椒盐味,海盐风味,烟熏风味,特辣,甜味,白胡椒味,花椒味,蒜香味,香辣味,麻辣味,黑胡椒味",19,中间层
三级,基础酿造类调味品,"其他,原味,咸鲜,咸鲜味,姜味,微甜,微酸,松茸,枸杞味,桂花味,海鲜味,焦香,红枣味,葱味,蒜香味,酯香,酱香味,醇厚,陈皮味,香辣味,鲜味",21,中间层
三级,复合蛋白饮料,"其他,原味,坚果味,果味,特色风味,谷物味",6,中间层
三级,复合调味品,"三鲜,云南松茸鸡汤口味,五香,五香型,低脂猪骨浓汤口味,低脂老母鸡汤口味,其他,卤香型,原味,咖喱,咖喱味,孜然,小龙虾味,微辣,昆布味噌汤底口味,松露鸡汤口味,沙茶,泰式甜辣,海鲜,海鲜味,清汤,清鸡靓汤口味,烧烤,烧烤味,牛油,牛肉浓汤口味,猪骨浓汤口味,甜辣型,番茄,番茄味,番茄浓汤口味,糖醋味,老母鸡汤口味,腐乳,芝麻,芥末味,花生,菌汤,菌菇味,菌菇靓汤口味,蒜蓉,蒜香味,藤椒,藤椒味,蚝油味,豉香味,酱香味,酱香浓香型,酸汤,酸甜味,酸菜味,酸辣,酸辣味,韭花,香葱,香辣,香辣味,香辣型,骨汤,鱼香味,鲜炖老母鸡汤口味,鲜炖老火猪骨口味,鲜虾靓汤口味,鲜香型,麻辣,麻辣味,麻辣型,麻香味,黑椒味",69,中间层
三级,女性卫生用品,"无香型,清香型",2,中间层
三级,奶嘴,"其他,奶香味,无味,母乳味,水果味,香草味",6,中间层
三级,奶油,"其他,原味,含盐,巧克力,无盐,草莓,香草",8,中间层
三级,奶片/奶条,"其他,原味,哈密瓜味,巧克力味,抹茶味,椰子味,芒果味,芝士味,草莓味,蓝莓味,蜜桃味,酸奶味,香草味,香蕉味",14,中间层
三级,奶酪,"其他,原味,咸味,浓芝士味,混合水果味,芒果味,草莓味,蓝莓味,香草味",9,中间层
三级,婴儿湿抹巾,"无味,无香",2,中间层
三级,婴儿辅食,"三文鱼,其他,南瓜,原味,梨,牛肉,玉米,红薯,胡萝卜,苹果,菠菜,蓝莓,豌豆,香蕉,鸡肉",15,中间层
三级,婴儿配方奶粉,"原味,羊奶粉味,豆基配方味",3,中间层
三级,婴儿饮料,"其他,原味,桃子味,梨味,橙子味,芒果味,苹果味,葡萄味,香蕉味",9,中间层
三级,婴幼儿特殊医学用途配方粉,"原味,无味,水果味,香草味",4,中间层
三级,学生奶粉,"其他,原味,巧克力味,草莓味,香草味,香蕉味",6,中间层
三级,宠物主粮,"三文鱼味,其他,原味,奶香味,果蔬味,水果味,海鲜味,牛肉味,羊肉味,肉味,蔬菜味,谷物味,金枪鱼味,鱼肉味,鸡肉味,鸭肉味,鹿肉味",17,中间层
三级,宠物保健品,"其他,原味,奶香味,牛肉味,鱼肉味,鸡肉味",6,中间层
三级,宠物零食,"其他,奶香味,果蔬味,牛肉味,羊肉味,肝脏味,芝士味,蛋黄味,鱼肉味,鸡肉味,鸭肉味",11,中间层
三级,家用清洁产品,"其他,无香型,木质香,柑橘香,柠檬香,桂花香,森林香,橙香,檀香,水果香,海洋香,清新花香,玫瑰香,生姜香,绿茶香,茉莉香,薄荷香,薰衣草香",18,中间层
三级,巧克力,"什锦味,其他,咖啡味,坚果果仁味,奶香味,无糖/低糖巧克力味,水果味,牛奶味,白巧克力味,茶味,草本味,谷物味,醇甜风味,黑巧克力味",14,中间层
三级,干货,"原味,无调味,淡盐味",3,中间层
三级,成人奶粉,"低糖原味,其他,原味,巧克力味,抹茶味,无糖味,核桃味,燕麦味,红枣味,红枣枸杞味,草莓味,蜂蜜味,香草味,高钙原味,麦香味",15,中间层
三级,手部护理,"儿童款,其他,无香型,果香,清新型,花香",6,中间层
三级,方便食品,"三鲜,八宝,其他,加麻加辣,原味,台式卤肉,咖喱,咖喱鸡,大骨汤,宫保鸡丁,干拌,排骨,日式豚骨,梅菜扣肉,椰奶,泡椒,泡椒牛肉,海鲜,海鲜味,火鸡面,炸酱,牛肉,猪肉,猪骨,玉米味,甜粥,番茄,番茄牛腩,皮蛋瘦肉,紫薯,红烧牛肉,红豆,老坛酸菜,芝麻,菌菇,葱油,葱香排骨,蔬菜,藤椒,藤椒味,藤椒牛肉,豆沙,酱香排骨,酸菜,酸菜牛肉,酸辣,酸辣味,韩式辣白菜,香菇滑鸡,香菇炖鸡,香辣,香辣味,香辣牛肉,香辣牛腩,骨汤,鱼香肉丝,鲜虾鱼板,鸡汤,鸡肉,麻婆豆腐,麻辣,麻辣味,麻辣牛肉,黑椒牛柳",64,中间层
三级,有汽饮品,"乳酸菌味,其他,凤梨味,原味,可乐味,姜味,柠檬味,树莓味,樱花味,橙味,橙子味,水蜜桃味,混合水果味,玫瑰味,甜味,白柚青竹味,白桃味,百香果味,芒果味,苏打味,苹果味,茉莉味,草莓味,荔枝味,菠萝味,葡萄味,蓝莓味,薄荷味,蜜桃味,西柚味,青柠味,青梅味,香草味,黄瓜味",34,中间层
三级,杂粮,"其他,原味,山药味,无调味,核桃味,淡香,燕麦味,玉米味,紫薯味,红枣味,红豆味,绿豆味,薏米味,谷香,豆香,黑芝麻味",16,中间层
三级,果酒,"其他,半干型,半甜型,干型,甜型,苹果味",6,中间层
三级,植物蛋白饮料,"五谷杂粮,其他,南瓜味,原味,咖啡味,坚果味,大豆味,奶香味,巧克力味,微甜,抹茶味,杏仁味,核桃味,椰奶咖啡,椰奶巧克力,椰奶抹茶,椰奶水果风味,椰子味,椰香味,水果味,混合果味,燕麦味,燕麦谷物香,玉米味,甜味,红枣味,红豆味,绿豆味,芒果味,芝麻味,花生味,蓝莓味,香草味,香蕉味,高钙,黑芝麻味",38,中间层
三级,槟榔,"其他,原味,咖啡味,枸杞味,水果味,烟熏味,甜味,薄荷味,酱香味,香精味",10,中间层
三级,洗发护发,"儿童款,其他,奶香,奶香型,无香,木质香,果香,柑橘香,清新型,热带果香,花果香,花香,茶香,草本 / 木质",14,中间层
三级,洗衣液,"其他,无香型,木质 / 海洋,果香,清新型",5,中间层
三级,洗衣粉,"其他,无香型,柑橘香,柠檬香,茉莉花香,薰衣草香",6,中间层
三级,浓缩/固体果汁,"其他,山楂味,柠檬味,橙味,水蜜桃味,混合水果味,百香果味,芒果味,苹果味,草莓味,菠萝味,葡萄味,蓝莓味,西柚味",14,中间层
三级,海味零食,"五香味,其他,原味,咖喱,咸蛋黄味,奶油味,孜然味,柠檬,柠檬味,椒盐,泡椒味,海盐味,海苔,海苔味,海苔本味,烧烤,烧烤味,甜辣味,番茄味,芝士味,芝麻味,芥末,芥末味,蒜香,蒜香味,蜜汁味,蟹黄味,辣味,酱油味,酸甜味,酸辣味,香辣味,鲜辣味,麻辣味,黑椒味,黑胡椒,黑胡椒味",37,中间层
三级,湿纸巾,"其他,无香,柠檬,洋甘菊,淡香,玫瑰,绿茶,芦荟,薄荷,薰衣草",10,中间层
三级,炼奶,"其他,原味,巧克力味,焦糖味,草莓味,香草味",6,中间层
三级,烘焙原料,"其他,原味,咖啡味,巧克力味,抹茶味,杏仁味,柠檬味,椰香味,榛子味,榴莲味,焦糖味,牛奶味,红豆味,芒果味,芝士味,草莓味,蓝莓味,香草味",18,中间层
三级,熟食肉制品,"五香味,其他,原味,咖喱味,孜然味,泡椒味,烧烤味,蒜香味,蜜汁味,酱香味,香辣味,麻辣味,黑椒味",13,中间层
三级,电子烟,"其他,柠檬,椰子,橙子,水果混合,经典烟草,芒果,草莓,葡萄,蓝莓,薄荷,西瓜,青苹果,香蕉",14,中间层
三级,益生菌,"其他,原味,橙子味,水果味,胡萝卜味,酸奶味",7,中间层
三级,米,"其他,原味,清香,软糯,黏糯",5,中间层
三级,米露饮料,"其他,原味,姜汁味,杏仁味,桂花味,椰奶味,玉米味,甜味,红豆味,绿豆味,蜂蜜味,黑米味",12,中间层
三级,糖果,"其他,原味,咖啡味,咸甜味,哈密瓜味,坚果味,复合风味,巧克力味,抹茶味,杏仁味,柠檬味,核桃味,桂花味,椒盐味,椰子味,椰香味,榴莲味,橙子味,水果味,水蜜桃味,混合水果味,焦糖味,牛奶味,玫瑰味,芒果味,芝麻味,花生味,花香,茶味,草莓味,菠萝味,葡萄味,蓝莓味,薄荷味,蜂蜜味,西瓜味,辣味,酒味,酸奶味,香橙味,香草味,黑芝麻味",42,中间层
三级,糯米粉,"其他,南瓜味糯米粉,原味糯米粉,可可味糯米粉,抹茶味糯米粉,玉米味糯米粉,紫薯味糯米粉,红枣味糯米粉,红糖味糯米粉,艾草味糯米粉,草莓味糯米粉,菠菜味糯米粉,黑芝麻味糯米粉",13,中间层
三级,纯奶,"其他,原味,奶香味,无膻味,清淡,清淡型",6,中间层
三级,纯植物油,"乳脂香,低芥酸,其他,原味,原味清香,土榨风味,坚果香,微苦回甘,极淡,果仁香,果香,棕榈果清香,椰奶香,浓郁,浓香,浓香型,浓香花生味,淡味,清淡,清淡型,清香,热带果香,特香,精炼型,纯香,芝麻香,轻度焙烤香,轻微苦涩",28,中间层
三级,维生素,"其他,无味,柠檬味,椰子味,橙子味,水蜜桃味,沁爽青草味,热带水果味,红提味,苹果味,草莓味,菠萝味,葡萄味,蓝莓味,薄荷味,酸奶味,青柠味",17,中间层
三级,罐头食品,"五香味,什锦水果味,仁果类,其他,冬阴功,南瓜汤,原味,原味/清水,咖喱味,咸味,奶油蘑菇,排骨汤,柑橘类,核果类,浆果类,海鲜汤,清汤,热带水果,牛肉汤,玉米浓汤,甜味,番茄味,番茄汤,盐水,糖醋,红烧味,罗宋,蔬菜汤,辣味,酸甜,酸甜味,酸辣汤,香辣,香辣味,鸡汤,麻辣味,黑椒味",37,中间层
三级,肉类制品小食,"五香味,其他,原味,咖喱味,奥尔良味,孜然味,沙嗲味,泡椒味,海苔味,炭烧味,烧烤味,芝麻味,葱香味,蒜香味,藤椒味,蜜汁味,酱香味,香辣味,鲜香味,麻辣味,黑椒味,黑胡椒味",22,中间层
三级,胶冻品类,"乌龙茶味,什锦水果味,其他,凤梨味,原味,可乐味,咖啡味,奶茶,奶茶味,抹茶味,杏仁味,枇杷味,柠檬味,椰奶,椰奶味,橘子味,橙子味,水蜜桃味,炼乳味,红糖,红豆味,罗汉果味,芒果味,苹果味,草莓味,荔枝味,菠萝味,葡萄味,蓝莓味,蜂蜜味,蜜桃味,酒酿/小丸子,酸奶味,金银花味,黄桃味,黑糖味",36,中间层
三级,腊肠腊肉腊鱼,"五香味,其他,咸香味,广式味,烟熏味,麻辣味",6,中间层
三级,膨化食品,"五香味,其他,冰淇淋味,南瓜味,原味,咖喱味,奶油味,孜然味,巧克力味,抹茶味,日式牛排味,椒盐味,椒香味,椰奶味,椰香味,泡菜味,海盐味,海苔味,烧烤味,焦糖味,爽口青瓜味,牛奶味,牛排味,牛肉味,玉米味,玉米浓汤味,甜味,甜辣味,番茄味,胡萝卜味,芝士味,芝麻味,芥末味,花生味,苹果味,草莓味,蒜香味,蓝莓味,蜂蜜味,蟹味,蟹黄味,西式红烩味,辣味,酱香味,酸奶油洋葱味,铁板鱿鱼味,青柠味,香甜味,香草味,香葱味,香蕉味,香辣味,鲜虾味,鸡肉味,麻辣味,麻辣小龙虾味,黄油味,黄瓜味,黑米味,黑糖味,黑胡椒味",61,中间层
三级,自热食品,"三鲜,其他,卤香味,原味,咖喱,咖喱味,咖喱鸡肉,回锅肉,宫保鸡丁,梅菜扣肉,泡菜味,海鲜,海鲜味,清油麻辣,烧烤味,牛肉味,番茄,番茄味,番茄牛腩,红烧牛肉,菌汤,蔬菜味,藤椒,酸菜,酸菜味,酸辣,香菇滑鸡,香辣,骨汤,鱼香肉丝,鸡肉味,麻辣味,麻辣牛油,麻辣牛肉,黑椒牛柳",35,中间层
三级,茶饮料,"乌龙茶味,其他,凤凰单丛,原味,咖啡味,巧克力味,抹茶味,普洱奶茶,普洱茶,柠檬味,柠檬红茶,桂花乌龙,樱花青提,水蜜桃味,烟波龙井,焦糖味,玫瑰红茶,白茶,百香果味,百香果绿茶,红茶,红茶味,红豆味,绿茶,绿茶味,翡翠西柚,芒果味,芒果绿茶,芝士味,茉莉绿茶,茉莉花茶,茉莉花茶味,草莓味,草莓红茶,荔枝乌龙,葡萄味,葡萄茉莉,蜂蜜柚子,蜜桃乌龙,西柚绿茶,青提乌龙,青柑普洱,鸭屎香,黄茶,黑茶",45,中间层
三级,葡萄酒/红酒,"其他,干型,桃红,甜型,白葡萄酒,红葡萄酒",6,中间层
三级,蛋白粉,"其他,原味,咖啡味,巧克力味,抹茶味,椰子味,芒果味,草莓味,蓝莓味,香草味,香蕉味",11,中间层
三级,蜂蜜/蜂蜜制品,"其他,原味,姜味,枇杷味,枣花味,枸杞味,柚子味,柠檬味,桂花味,椴树花味,槐花味,洋槐味,玫瑰味,生姜味,红枣味,荔枝味,菊花味,蓝莓味,薄荷味",19,中间层
三级,蜂蜜饮料,"其他,原味,杏仁味,柚子味,桂花味,椰奶味,玉米味,甜味,红豆味,绿豆味,黑米味",11,中间层
三级,蜜饯果干,"乌梅味,其他,冰糖味,原味,咸甜味,姜味,巧克力味,干尧味,微酸,提子甜,果香浓郁,枸杞味,柠檬味,桂圆味,桂花味,椰香,椰香味,榴莲味,焦糖味,猫山王味,甘草味,甜味,甜香,盐津味,盐渍味,紫薯味,红虾味,芒果味,芒果香,芝麻味,草莓味,草莓香,蔓越莓酸,薄荷味,蜂蜜味,蜜饯味,话梅味,酸味,酸奶味,酸甜,酸甜味,金枕味,阿胶味,陈皮味,青尼味,香辣味,黄桃甜,黑刺味,黑糖味",49,中间层
三级,衣物柔顺剂,"其他,无香型,果香,海洋香,清新花香,薰衣草香,阳光香",7,中间层
三级,袋泡茶,"乌龙茶味,其他,柠檬味,桂花味,玫瑰味,生姜味,红茶味,绿茶味,茉莉花味,菊花味,薄荷味,蜜桃味,陈皮味",13,中间层
三级,西式粉面,"全麦味,其他,南瓜味,原味,墨鱼汁味,奶油味,海鲜味,番茄味,芝士味,菠菜味,蒜香味,蘑菇味,辣味,香草味,黑椒味",15,中间层
三级,西式糕点,"其他,南瓜味,原味,原味糖霜,可可味,咖啡,咖啡味,咸蛋黄味,坚果与谷物风味类,坚果味,复合风味,奶油味,奶油夹心,山竹味,巧克力,巧克力味,开心果,抹茶,抹茶味,提拉米苏味,果酱夹心,枫糖,柠檬,柠檬味,柠檬糖霜,树莓味,椰子,椰子味,椰果味,榛子,榴莲味,水果味,焦糖,焦糖味,牛奶味,牛肉味,特色风味类,紫薯味,红豆味,肉桂味,肉桂糖,芒果,芒果味,芝士味,花生酱,苹果味,草莓,草莓味,草莓糖衣,蓝莓,蓝莓味,蓝莓糖霜,蜂蜜味,西瓜味,调味风味类,馅料风味类,香草,香草味,香草糖霜,香蕉味,鸡肉味,黄油味",62,中间层
三级,西式调味酱,"中辣,亚洲风味,其他,凯撒味,切达奶酪味,千岛味,印度风味,原味,塔塔味,奶油味,帕玛森奶酪味,微辣,微辣味,意式香草味,新奥尔良,日式风味,杏桃,松露,柠檬,柠檬味,桃子,椰香味,樱桃,橙子,法式芥末味,泰式风味,烟熏,烟熏味,烧烤味,特辣,猕猴桃,甜味,甜辣,甜辣味,番茄味,红酒味,纳乔奶酪味,经典番茄肉酱味,芒果,芝士,芝士味,芝麻味,芥末味,苹果,草莓,荷兰酱味,葡萄,蒜香,蒜香味,蓝纹奶酪味,蓝莓,薄荷味,蘑菇,蘑菇味,蜂蜜芥末味,蜜汁味,覆盆子,辣味,酸奶油洋葱味,酸甜,酸甜味,重辣,香甜味,香草,香草味,黑加仑,黑胡椒,黑胡椒味",68,中间层
三级,计生用品,"其他,奶香型,无香型,果香型,花香型,薄荷清凉型",6,中间层
三级,调味助剂,"五香,其他,咖喱,咸鲜,海鲜,烟熏,番茄,葱香,蒜香,酱香,香辣",11,中间层
三级,调和油,"其他,原味,浓香型,清香,营养风味型",5,中间层
三级,豆干制品,"五香,五香味,其他,卤香,原味,孜然,孜然味,泡椒,泡椒味,烧烤,烧烤味,牛肉,甜辣味,盐焗,蒜香味,藤椒味,酱香,酸豆角味,酸辣味,香菇,香辣,香辣味,鸡汁,麦辣鸡汁味,麻辣,麻辣味,黑鸭味",27,中间层
三级,身体护理,"其他,奶香型,婴儿奶香,无味,无香型,木质香 / 古龙香,木质香/古龙香,木质香型,果香型,柑橘香,檀木香,海洋香型,淡花香,清新型,玫瑰香,花香型,茉莉香,草本香,草本香型,薄荷香,薰衣草香,迷迭香",22,中间层
三级,进口烈酒,"伏特加香型,其他,可可香型,咖啡香型,威士忌香型,朗姆香型,果干香型,柑橘香型,橡木香型,泥煤香型,清爽型,烟熏香型,焦糖香型,白兰地香型,花果香型,草本香型,辛辣型,醇厚型,金酒香型,香料香型,香草香型,龙舌兰香型",22,中间层
三级,速冻火锅食材,"五香味,其他,原味,奥尔良味,孜然,孜然味,泡椒味,海鲜味,玉米味,香辣,香辣味,麻辣,麻辣味,黑椒,黑椒味",15,中间层
三级,速冻肉类/水产,"五香,其他,原味,咖喱味,咸鲜,奥尔良味,孜然,孜然味,椒盐味,烟熏,照烧味,玉米,番茄味,糖醋,蒜香,蒜香味,藤椒,藤椒味,蜜汁,蜜汁味,香辣,香辣味,麻辣,黑椒,黑椒味",25,中间层
三级,速冻蔬果,"什锦风味,原味,无调味,淡盐味,香甜味",5,中间层
三级,速冻面点与主食,"三鲜,三鲜味,八宝,其他,南瓜,原味,叉烧味,双层芝士披萨,咸蛋黄味,培根披萨,夏威夷披萨,奥尔良烤鸡披萨,奶香,奶黄,奶黄味,孜然味,意式香肠披萨,杂粮,板栗,核桃味,桂花,梅干菜味,梅干菜肉,椒盐味,榴莲味,榴莲披萨,水果,水果味,水果披萨,法式牛肉披萨,流心,海鲜披萨,烧烤风味披萨,牛肉,牛肉味,牛肉大葱,猪肉大葱,猪肉玉米,猪肉白菜,猪肉荠菜,猪肉韭菜,猪肉香菇,玉米,玉米味,玉米鲜肉,玛格丽特披萨,素三鲜,素馅,紫薯,红枣味,红糖,经典至尊披萨,羊肉大葱,美式培根香肠披萨,腊肉,芋泥,芝士味,芝士拉丝披萨,芝麻味,花生味,荞麦,荠菜鲜肉,葱油味,葱香味,蔬菜,蔬菜味,蔬菜披萨,虾仁味,虾仁鲜肉,蛋黄,蜜枣,豆沙,豆沙味,酱肉,酱香,金枪鱼披萨,青菜香菇,韭菜味,韭菜鲜肉,韭菜鸡蛋,香肠披萨,香菇味,香菇鸡肉,香辣牛肉披萨,鲜肉,鲜肉味,鸡肉蘑菇披萨,麻辣,黑椒,黑椒牛肉披萨,黑芝麻味",91,中间层
三级,速食肠,"五香味,其他,原味,孜然,孜然味,海鲜味,烟熏味,烧烤味,牛肉,玉米味,芝士味,蒜蓉,蒜香味,蘑菇,蘑菇味,蜜辣,香辣,香辣味,鸡肉,鸡肉味,麻辣,麻辣味,黑胡椒味",23,中间层
三级,酱腌菜,"五香,五香味,其他,原味,咸,咸酸味,咸香,咸鲜,咸鲜味,山椒味,微甜,微辣,微辣味,微酸,泡椒,泡椒味,甜,甜酸,糖醋,糖醋味,蒜香,蒜香味,藤椒味,辣,酱香,酱香味,酸味,酸甜,酸辣,酸辣味,野山椒味,香辣,香辣味,鲜香,麻辣,麻辣味",36,中间层
三级,酸奶,"其他,原味,混合莓果,燕麦味,百香果味,红枣味,芒果味,草莓味,蓝莓味,香草味,黄桃味",11,中间层
三级,醋饮料,"其他,原味,复合莓果味,姜味,山楂味,柠檬味,桂花味,水蜜桃味,红枣味,苹果味,葡萄味,蓝莓味,蜂蜜味",13,中间层
三级,钙,"其他,原味,柠檬味,橙味,牛奶味,草莓味",6,中间层
三级,雪茄,"其他,可可,咖啡,坚果,奶油,木香,果香,泥土,皮革,胡椒,花香,蜂蜜,香料",13,中间层
三级,露酒,"其他,坚果香型,复合花果型,复合草本型,奶香型,姜香型,果香型,枣香型,枸杞型,桂花型,植物香型,浓醇型,清爽型,玫瑰型,竹香型,花香型,草本型,药香型,薄荷型,陈皮型",20,中间层
三级,面粉,"全麦风味,其他,原味,富硒,无添加,有机,黑麦风味",7,中间层
三级,面纸巾,"无香型,淡香",2,中间层
三级,面部护理,"其他,奶香型,无香型,清新型,男士,花香,草本",7,中间层
三级,预制菜,"其他,咸鲜味,家常味,海鲜味,清淡味,烧烤味,糖醋味,酱香味,酸辣味,麻辣味",10,中间层
三级,风味牛奶,"其他,原味,巧克力味,核桃味,燕麦味,红枣味,花生味,草莓味,香草味,香蕉味,麦香",11,中间层
三级,饮料组合装,"乳饮口味,功能饮料口味,果汁口味,碳酸饮料口味,茶饮口味",5,中间层
三级,饼干,"其他,原味,坚果味,巧克力味,抹茶味,柠檬味,榴莲味,水蜜桃味,海苔味,燕麦味,牛奶味,白桃乌龙味,红丝绒味,芝士味,芝士蛋糕味,芝麻味,花生味,草莓味,蛋黄味,青柠味,香葱味,黑加仑味",22,中间层
三级,香烟,"其他,咖啡味,坚果味,巧克力味,水果味,混合型,烤烟型,爆珠薄荷,茶香味,薄荷味,蜂蜜味,酒香型,香草味",13,中间层
三级,香辛料及香辛料制品,"中麻,五香,其他,咖喱,孜然,微麻,本味,椒香,椒麻,浓郁芝麻香,清香,特麻,甜辣,芥末,蒜香,酱香,酸辣,醇香,香辣,麻辣,黑胡椒",21,中间层
三级,驱蚊虫剂,"其他,无香,果香,清香,花香,草本香,薄荷香",7,中间层
三级,魔芋即食食品,"五香味,其他,卤香味,孜然味,泡椒味,烧烤味,番茄味,藤椒味,酸辣味,香辣味,麻辣味",11,中间层
三级,鲜萃/提取类调味品,"其他,原味,咸鲜,咸鲜味,复合风味,复合鲜味,浓郁虾味,浓鲜醇厚型,海鲜味,海鲜鲜味,淡盐,淡盐味,清淡鲜香型,肉骨鲜味,菌菇清新型,菌菇鲜味,蒜香味,蔬菜鲜味,蚝香,辣味,零添加淡口型,高鲜浓香型,鲜咸基础型",23,中间层
三级,麦乳精,"低糖味,其他,原味,可可味,奶香味,巧克力味,麦香味",7,中间层
三级,黄油,"其他,加盐,发酵,微咸,无盐,淡味",6,中间层
三级,黄酒/米酒,"其他,原味,姜汁味,果味,桂花味,浓醇型,清爽型,焦香型,玫瑰味,红枣枸杞味,花香型,草本型",12,中间层
二级,个人护理,"中草药,儿童款,其他,奶香,奶香型,婴儿奶香,无味,无味型,无香,无香型,木质香,木质香 / 古龙香,木质香/古龙香,木质香型,果香,果香型,柑橘香,柠檬味,橙子味,檀木香,水果味,水蜜桃味,海洋香型,海盐味,淡淡果香,淡花香,清新型,清香型,热带果香,牛奶味,玫瑰香,男士,竹炭味,绿茶味,花果香,花香,花香型,茉莉香,茶香,草本,草本 / 木质,草本味,草本香,草本香型,草莓味,蓝莓味,薄荷味,薄荷清凉型,薄荷清香,薄荷香,薄荷香型,薰衣草香,蜂蜜味,迷迭香",54,补充池
二级,乳制品,"低糖原味,其他,加盐,原味,含盐,咸味,哈密瓜味,奶香味,巧克力,巧克力味,微咸,抹茶味,无盐,无糖味,无膻味,柠檬味,核桃味,椰子味,榴莲味,橙子味,浓芝士味,海盐味,淡味,混合口味,混合水果味,混合莓果,清淡,清淡型,焦糖味,燕麦味,白桃味,百香果味,红枣味,红枣枸杞味,红豆味,绿豆味,芒果味,芝士味,花生味,草莓,草莓味,葡萄味,蓝莓味,蜂蜜味,蜜桃味,西瓜味,酸奶味,香草,香草味,香蕉味,高钙原味,麦香,麦香味,黄桃味",55,补充池
二级,休闲零食,"乌梅味,乌龙茶味,云腿,五仁,五香,五香味,什锦味,什锦水果味,其他,冬瓜蓉味,冰淇淋味,冰皮,冰糖味,凤梨味,南瓜味,南瓜籽味,卤香,卤香味,原味,原味糖霜,可乐味,可可味,咖啡,咖啡味,咖喱,咖喱味,咸,咸味,咸甜味,咸蛋黄味,咸鲜味,哈密瓜味,土凤梨味,坚果与谷物风味类,坚果味,坚果果仁味,复合风味,多味,奥尔良味,奶油,奶油味,奶油夹心,奶茶,奶茶味,奶香,奶香味,奶黄流心,姜味,孜然,孜然味,山楂味,山竹味,巧克力,巧克力味,干尧味,开心果,微酸,抹茶,抹茶味,抹茶红豆味,提子甜,提拉米苏味,无糖/低糖巧克力味,日式牛排味,杏仁味,枇杷味,果味,果酱夹心,果香浓郁,枣泥,枣泥味,枫糖,枸杞味,柠檬,柠檬味,柠檬糖霜,树莓味,核桃味,桂圆味,桂花味,椒盐,椒盐味,椒香味,椰丝味,椰奶,椰奶味,椰子,椰子味,椰果味,椰蓉,椰蓉味,椰香,椰香凤梨味,椰香味,榛子,榴莲味,橘子味,橙子味,水果,水果味,水蜜桃味,沙嗲味,泡椒,泡椒味,泡菜味,海盐味,海苔,海苔味,海苔本味,混合口味,混合水果味,炭烧,炭烧味,炼乳味,烟熏味,烤肉味,烧烤,烧烤味,焦糖,焦糖味,燕麦味,爽口青瓜味,牛奶味,牛排味,牛肉,牛肉味,特色风味类,猫山王味,玉米味,玉米浓汤味,玫瑰味,甘草味,甜,甜味,甜辣味,甜香,番茄味,白巧克力味,白桃乌龙味,盐津味,盐渍味,盐焗,盐焗味,糖炒,紫薯,紫薯味,紫薯蛋黄味,红丝绒味,红枣味,红糖,红虾味,红豆味,红豆沙蛋黄味,绿茶味,绿豆味,罗汉果味,肉松味,肉桂味,肉桂糖,胡萝卜味,芒果,芒果味,芒果香,芝士,芝士味,芝士流心味,芝士蛋糕味,芝麻,芝麻味,芥末,芥末味,花生,花生味,花生酱,花香,苹果味,茶味,茶香味,草本味,草莓,草莓味,草莓糖衣,草莓香,荔枝味,莲蓉味,莲蓉蛋黄,莲蓉蛋黄味,菠萝味,葡萄味,葱油,葱香味,蒜香,蒜香味,蓝莓,蓝莓味,蓝莓糖霜,蔓越莓凤梨味,蔓越莓味,蔓越莓酸,薄荷味,藤椒味,蛋黄味,蜂蜜,蜂蜜味,蜂蜜黄油味,蜜桃味,蜜汁味,蜜饯味,蟹味,蟹黄味,西式红烩味,西瓜味,话梅味,调味风味类,谷物味,豆沙,豆沙味,辣味,酒味,酒酿/小丸子,酱油味,酱香,酱香味,酸味,酸奶味,酸奶油洋葱味,酸甜,酸甜味,酸豆角味,酸辣味,醇甜风味,金枕味,金银花味,铁板鱿鱼味,阿胶味,陈皮味,青尼味,青柠味,馅料风味类,香兰味,香橙味,香甜味,香精味,香草,香草味,香草糖霜,香菇,香葱味,香蕉味,香辣,香辣味,香酥鸡蛋味,鲜肉,鲜虾味,鲜辣味,鲜香味,鸡汁,鸡肉味,鸡蛋味,麦辣鸡汁味,麻辣,麻辣味,麻辣小龙虾味,麻辣香辣,黄桃味,黄桃甜,黄油味,黄瓜味,黑刺味,黑加仑味,黑巧克力味,黑松露味,黑椒味,黑米味,黑糖,黑糖味,黑胡椒,黑胡椒味,黑芝麻,黑芝麻味,黑鸭味",281,补充池
二级,保健品,"其他,原味,咖啡味,巧克力味,抹茶味,柠檬味,椰子味,橙味,橙子味,水果味,水蜜桃味,沁爽青草味,热带水果味,牛奶味,红提味,胡萝卜味,芒果味,苹果味,草莓味,菠萝味,葡萄味,蓝莓味,薄荷味,蜂蜜味,西柚味,酸奶味,青柠味,香草味,香蕉味",31,补充池
二级,冲调品,"三合一,三文鱼味,乌梅原味,乌龙茶味,二合一,五谷香,仙人掌果味,低糖味,其他,冰糖味,南瓜味,原味,可可味,咖啡味,坚果味,复合果蔬味,夏枯草味,奶茶味,奶香,奶香味,姜味,姜黄味,山楂味,山药味,巧克力,巧克力味,抹茶味,拿铁,摩卡,杏仁味,枇杷味,枣花味,枸杞味,柚子味,柠檬味,柠檬草味,核桃味,桂花味,桃子味,椰奶味,椰子味,椰果味,椰香,椰香味,椴树花味,榛果,槐花味,橙味,橙子味,水果味,水蜜桃味,沁风桃桃味,洋槐味,混合水果味,混合蔬菜味,清新茉莉味,港式丝袜,焙烤椰子味,焦糖,焦糖味,牛奶味,牛肉味,猪肝味,玫瑰味,玫瑰花味,玫瑰茄味,珍珠奶茶味,甘草味,甜味,生姜味,番石榴味,白桃味,百香果味,盐渍味,紫薯味,红枣味,红糖味,红茶味,红豆味,红豆薏米味,纯黑,经典酸甜味,绿茶味,美式,胡萝卜味,芒果味,花生味,苹果味,茉莉花味,草本味,草莓味,荔枝味,菊花味,菠菜味,菠萝味,葡萄味,蓝莓味,薄荷味,蜂蜜味,蜜桃味,西柚味,酱香味,酸奶味,金银花味,阿萨姆,陈皮味,香芋味,香草,香草味,香蕉味,麦香味,黑糖味,黑芝麻味",114,补充池
二级,冷藏食品,"五香,其他,原味,台式风味,咸香,培根味,天啦,奥尔良味,奥尔良风味,奶油,奶香,巧克力,微酸味,抹茶,椒盐味,水果夹心,海鲜味,淡咸味,淡甜味,清甜味,清苦味,清香味,烟熏味,牛肉味,猪肉味,玉米味,甘苦味,甜味,番茄味,红油,肉松,芋泥,芝士味,芦苇,芳香味,菌菇味,蒜香味,蔬菜味,藤椒,蘑菇味,辛辣味,酱香,酸味,酸甜味,香葱味,香辣味,鲜爽味,鸡肉味,麻辣,麻辣味,黑椒味,黑胡椒味",52,补充池
二级,婴儿用品,"其他,奶香味,无味,无香,母乳味,水果味,香草味",7,补充池
二级,婴儿食品,"三文鱼,其他,南瓜,原味,无味,桃子味,梨,梨味,橙子味,水果味,牛肉,玉米,红薯,羊奶粉味,胡萝卜,芒果味,苹果,苹果味,菠菜,葡萄味,蓝莓,豆基配方味,豌豆,香草味,香蕉,香蕉味,鸡肉",27,补充池
二级,家居用品,"三文鱼味,其他,原味,奶香味,无香,无香型,木质香,果蔬味,果香,柑橘香,柠檬香,桂花香,森林香,橙香,檀香,水果味,水果香,海洋香,海鲜味,清新花香,清香,牛肉味,玫瑰香,生姜香,绿茶香,羊肉味,肉味,肝脏味,芝士味,花香,茉莉香,草本香,蔬菜味,薄荷香,薰衣草香,蛋黄味,谷物味,金枪鱼味,鱼肉味,鸡肉味,鸭肉味,鹿肉味",42,补充池
二级,方便速食,"三鲜,五香味,什锦水果味,仁果类,八宝,其他,冬阴功,加麻加辣,南瓜汤,卤香味,原味,原味/清水,台式卤肉,咖喱,咖喱味,咖喱鸡,咖喱鸡肉,咸味,咸鲜味,回锅肉,大骨汤,奶油蘑菇,孜然,孜然味,宫保鸡丁,家常味,干拌,排骨,排骨汤,日式豚骨,柑橘类,核果类,梅菜扣肉,椰奶,泡椒,泡椒牛肉,泡菜味,浆果类,海鲜,海鲜味,海鲜汤,清汤,清油麻辣,清淡味,火鸡面,炸酱,烟熏味,烧烤味,热带水果,牛肉,牛肉味,牛肉汤,猪肉,猪骨,玉米味,玉米浓汤,甜味,甜粥,番茄,番茄味,番茄汤,番茄牛腩,皮蛋瘦肉,盐水,糖醋,糖醋味,紫薯,红烧味,红烧牛肉,红豆,罗宋,老坛酸菜,芝士味,芝麻,菌汤,菌菇,葱油,葱香排骨,蒜蓉,蒜香味,蔬菜,蔬菜味,蔬菜汤,藤椒,藤椒味,藤椒牛肉,蘑菇,蘑菇味,蜜辣,豆沙,辣味,酱香味,酱香排骨,酸甜,酸甜味,酸菜,酸菜味,酸菜牛肉,酸辣,酸辣味,酸辣汤,韩式辣白菜,香菇滑鸡,香菇炖鸡,香辣,香辣味,香辣牛肉,香辣牛腩,骨汤,鱼香肉丝,鲜虾鱼板,鸡汤,鸡肉,鸡肉味,麻婆豆腐,麻辣,麻辣味,麻辣牛油,麻辣牛肉,黑椒味,黑椒牛柳,黑胡椒味",122,补充池
二级,米面杂粮,"全麦味,全麦风味,其他,南瓜味,南瓜味糯米粉,卤香味,原味,原味糯米粉,可可味糯米粉,咖啡味,咸香,墨鱼汁味,奶油味,富硒,山药味,巧克力味,抹茶味,抹茶味糯米粉,无添加,无调味,有机,杏仁味,柠檬味,核桃味,椰香味,榛子味,榴莲味,海鲜味,淡盐味,淡香,清淡杂粮香,清香,焦糖味,燕麦味,牛奶味,牛肉味,玉米味,玉米味糯米粉,番茄味,碱香,紫薯味,紫薯味糯米粉,红枣味,红枣味糯米粉,红糖味糯米粉,红豆味,绿豆味,艾草味糯米粉,芒果味,芝士味,草莓味,草莓味糯米粉,菌菇味,菠菜味,菠菜味糯米粉,葱香味,蒜香味,蓝莓味,蔬菜味,薏米味,蘑菇味,谷香,豆香,软糯,辣味,酱香,酸菜味,酸辣,酸辣味,香草味,香辣,香辣味,鸡肉味,鸡蛋香,麦香,麻辣,麻辣味,麻酱味,黏糯,黑椒味,黑芝麻味,黑芝麻味糯米粉,黑麦风味",83,补充池
二级,纸制品,"其他,无香,无香型,柠檬,洋甘菊,淡香,玫瑰,绿茶,芦荟,薄荷,薰衣草",11,补充池
二级,肉类水产,"五香味,其他,原味,咖喱味,咸香味,孜然味,广式味,泡椒味,烟熏味,烧烤味,蒜香味,蜜汁味,酱香味,香辣味,麻辣味,黑椒味",16,补充池
二级,衣物清洁,"其他,无香型,木质 / 海洋,果香,柑橘香,柠檬香,海洋香,清新型,清新花香,茉莉花香,薰衣草香,阳光香",12,补充池
二级,调味品,"三鲜,中辣,中麻,云南松茸鸡汤口味,五香,五香味,五香型,五香腐乳,亚洲风味,低脂猪骨浓汤口味,低脂老母鸡汤口味,八角味,其他,减糖花生酱,凯撒味,切达奶酪味,剁椒,千岛味,卤香型,印度风味,原味,原味花生酱,咖喱,咖喱味,咸,咸甜,咸辣,咸酸味,咸香,咸鲜,咸鲜味,塔塔味,复合风味,复合鲜味,奶油味,姜味,孜然,孜然味,小龙虾味,山椒味,巧克力花生酱,帕玛森奶酪味,幼滑花生酱,微甜,微辣,微辣味,微酸,微麻,意式香草味,新奥尔良,无盐花生酱,无糖花生酱,日式风味,昆布味噌汤底口味,本味,杏桃,松茸,松露,松露鸡汤口味,枸杞味,柠檬,柠檬味,桂花味,桃子,椒盐味,椒香,椒麻,椒麻味,椰香味,樱桃,橙子,沙茶,法式芥末味,泡椒,泡椒味,泰式甜辣,泰式风味,浓郁芝麻香,浓郁虾味,浓鲜醇厚型,海盐花生酱,海盐风味,海鲜,海鲜味,海鲜风味,海鲜鲜味,淡盐,淡盐味,清汤,清淡鲜香型,清香,清鸡靓汤口味,烟熏,烟熏味,烟熏风味,烧烤,烧烤味,焦香,牛油,牛肉,牛肉浓汤口味,特辣,特麻,猕猴桃,猪骨浓汤口味,玫瑰腐乳,甜,甜味,甜味花生酱,甜咸,甜辣,甜辣味,甜辣型,甜辣腐乳,甜酸,番茄,番茄味,番茄浓汤口味,白胡椒味,白腐乳,笋丁,糖醋,糖醋味,糟方腐乳,红枣味,红烧,红腐乳,红酒味,纳乔奶酪味,经典咸鲜,经典番茄肉酱味,老母鸡汤口味,肉骨鲜味,腐乳,芒果,芝士,芝士味,芝麻,芝麻味,芥末,芥末味,花椒味,花生,花生香,芹菜,苹果,草莓,荷兰酱味,菌汤,菌菇,菌菇味,菌菇清新型,菌菇靓汤口味,菌菇鲜味,葡萄,葱味,葱香,蒜蓉,蒜香,蒜香味,蒜香腐乳,蓝纹奶酪味,蓝莓,蔬菜鲜味,薄荷味,藤椒,藤椒味,蘑菇,蘑菇味,蚝油味,蚝香,蜂蜜芥末味,蜂蜜花生酱,蜜汁味,覆盆子,豆豉,豆豉香,豉香,豉香味,辣,辣味,酯香,酱香,酱香味,酱香浓香型,酸味,酸奶油洋葱味,酸汤,酸甜,酸甜味,酸菜,酸菜味,酸辣,酸辣味,醇厚,醇香,重辣,野山椒味,陈皮味,零添加淡口型,青腐乳,韭花,颗粒花生酱,香甜味,香脆花生酱,香草,香草味,香菇,香葱,香辣,香辣味,香辣型,香辣腐乳,骨汤,高蛋白花生酱,高鲜浓香型,鱼香味,鲜味,鲜咸基础型,鲜炖老母鸡汤口味,鲜炖老火猪骨口味,鲜美,鲜虾靓汤口味,鲜辣,鲜香,鲜香型,麻辣,麻辣味,麻辣型,麻辣腐乳,麻香味,黑加仑,黑椒,黑椒味,黑胡椒,黑胡椒味",236,补充池
二级,速冻食品,"三鲜,三鲜味,五香,五香味,什锦风味,八宝,其他,南瓜,原味,叉烧味,双层芝士披萨,咖喱味,咸蛋黄味,咸鲜,培根披萨,夏威夷披萨,奥尔良味,奥尔良烤鸡披萨,奶香,奶黄,奶黄味,孜然,孜然味,意式香肠披萨,无调味,杂粮,板栗,核桃味,桂花,梅干菜味,梅干菜肉,椒盐味,榴莲味,榴莲披萨,水果,水果味,水果披萨,法式牛肉披萨,泡椒味,流心,海鲜味,海鲜披萨,淡盐味,烟熏,烧烤风味披萨,照烧味,牛肉,牛肉味,牛肉大葱,猪肉大葱,猪肉玉米,猪肉白菜,猪肉荠菜,猪肉韭菜,猪肉香菇,玉米,玉米味,玉米鲜肉,玛格丽特披萨,番茄味,糖醋,素三鲜,素馅,紫薯,红枣味,红糖,经典至尊披萨,羊肉大葱,美式培根香肠披萨,腊肉,芋泥,芝士味,芝士拉丝披萨,芝麻味,花生味,荞麦,荠菜鲜肉,葱油味,葱香味,蒜香,蒜香味,蔬菜,蔬菜味,蔬菜披萨,藤椒,藤椒味,虾仁味,虾仁鲜肉,蛋黄,蜜枣,蜜汁,蜜汁味,豆沙,豆沙味,酱肉,酱香,金枪鱼披萨,青菜香菇,韭菜味,韭菜鲜肉,韭菜鸡蛋,香甜味,香肠披萨,香菇味,香菇鸡肉,香辣,香辣味,香辣牛肉披萨,鲜肉,鲜肉味,鸡肉蘑菇披萨,麻辣,麻辣味,黑椒,黑椒味,黑椒牛肉披萨,黑芝麻味",117,补充池
二级,酒,"乌龙茶/红茶味,乳酸菌味,伏特加香型,其他,兼香,凤香,半干型,半甜型,原味,可乐味,可可香型,咖啡香型,坚果香型,复合花果型,复合草本型,奶香型,姜汁味,姜香型,威士忌香型,干型,微苦,朗姆香型,果味,果干香型,果香,果香型,枣香型,枸杞型,柑橘香型,柠檬味,桂花味,桂花型,桃红,植物香型,橡木香型,泥煤香型,浓醇型,浓香,淡爽,混合水果味,清爽,清爽型,清香,烟熏香型,焦糖香型,焦香型,玫瑰味,玫瑰型,甘甜,甜型,白兰地香型,白桃味,白葡萄酒,竹香型,米香,红枣枸杞味,红葡萄酒,芒果味,芝麻香,花果香型,花香型,苹果味,草本型,草本香型,荔枝味,药香,药香型,葡萄味,薄荷味,薄荷型,西柚味,辛辣型,酱香,醇厚,醇厚型,金酒香型,陈皮型,顺滑,香料香型,香草香型,麦香,龙舌兰香型",82,补充池
二级,食用油,"乳脂香,低芥酸,其他,原味,原味清香,土榨风味,坚果香,微苦回甘,极淡,果仁香,果香,棕榈果清香,椰奶香,浓郁,浓香,浓香型,浓香花生味,淡味,清淡,清淡型,清香,热带果香,特香,精炼型,纯香,芝麻香,营养风味型,轻度焙烤香,轻微苦涩",29,补充池
二级,饮料,"乌龙茶味,五谷杂粮,其他,冰糖雪梨味,凤凰单丛,凤梨味,南瓜味,原味,可乐味,咖啡味,哈密瓜味,坚果味,复合水果味,复合莓果味,大豆味,奶香味,姜味,姜汁味,山楂味,巧克力味,微甜,抹茶,抹茶味,拿铁,摩卡,普洱奶茶,普洱茶,杏仁味,杏子味,杨梅味,果味,枣味,枸杞味,柚子味,柠檬味,柠檬红茶,柠蜜味,树莓味,核桃味,桂花乌龙,桂花味,桃子味,桑葚味,梨味,植物风味,椰奶味,椰奶咖啡,椰奶巧克力,椰奶抹茶,椰奶水果风味,椰子味,椰香,椰香味,榛果,樱桃味,樱花味,樱花青提,橙味,橙子味,橙胡萝卜汁,橙蜜味,水果味,水蜜桃味,油柑双柚味,海盐味,混合果味,混合水果味,混合莓果味,混合蔬菜汁,清甜,烟波龙井,热带水果味,焦糖味,焦糖玛奇朵,燕麦味,燕麦谷物香,特色风味,猕猴桃味,玉米味,玫瑰味,玫瑰红茶,甘草味,甘蔗味,甜味,电解质味,番石榴味,番茄苹果汁,白柚味,白柚青竹味,白桃味,白茶,百香果味,百香果绿茶,米香味,红枣味,红石榴味,红茶,红茶味,红豆味,纯甜菜根汁,纯番茄汁,纯羽衣甘蓝汁,纯胡萝卜汁,纯西芹汁,绿茶,绿茶味,绿豆味,缤纷莓果味,罗汉果味,翡翠西柚,芒果味,芒果绿茶,芒果胡萝卜汁,芝士味,芝麻味,花生味,苹果味,苹果甜菜根汁,苹果羽衣甘蓝汁,苹果胡萝卜汁,苹果菠菜汁,苹果西芹汁,茉莉味,茉莉绿茶,茉莉花茶,茉莉花茶味,草莓味,草莓红茶,荔枝乌龙,荔枝味,菊花味,菠萝味,菠萝羽衣甘蓝汁,葡萄味,葡萄茉莉,蓝莓味,薄荷味,蜂蜜味,蜂蜜柚子,蜜桃乌龙,蜜桃味,西柚味,西柚绿茶,西瓜味,谷物味,青提乌龙,青提味,青柑普洱,青柠味,青梅味,青瓜味,香茅味,香草,香草味,香蕉味,高钙,鸭屎香,黄瓜味,黄茶,黑米味,黑芝麻味,黑茶",171,补充池
二级,香烟和烟草制品,"其他,可可,咖啡,咖啡味,坚果,坚果味,奶油,巧克力味,木香,果香,柠檬,椰子,橙子,水果味,水果混合,泥土,混合型,烤烟型,爆珠薄荷,皮革,经典烟草,胡椒,芒果,花香,茶香味,草莓,葡萄,蓝莓,薄荷,薄荷味,蜂蜜,蜂蜜味,西瓜,酒香型,青苹果,香料,香草味,香蕉",38,补充池